Workbook
Name mapGrupoStatus: Parametros!$M$4:$N$12

Sheet Dashboard
B2: Controle de Devolução de Peças (RPTG) — Painel de Controle
B3: ="Base de demonstração com "&ROWS(tblBase[Chamado])&" registros fictícios · atualizado em "&DAY(TODAY())&"/"&MONTH(TODAY())&"/"&YEAR(TODAY())
F4: Grupo | G4: Itens
B5: Itens totais | C5: =SUM(tblBase[QTD]) | F5: Concluído | G5: =SUMIFS(tblBase[QTD],tblBase[Grupo_Status],$F5)
B6: Itens devolvidos | C6: =SUMIFS(tblBase[QTD],tblBase[Grupo_Status],"Concluído") | F6: Em andamento | G6: =SUMIFS(tblBase[QTD],tblBase[Grupo_Status],$F6)
B7: % devolvido | C7: =IFERROR(C6/C5,0) | F7: Pendente | G7: =SUMIFS(tblBase[QTD],tblBase[Grupo_Status],$F7)
B8: Itens em aberto | C8: =SUMIFS(tblBase[QTD],tblBase[Grupo_Status],"Pendente")+SUMIFS(tblBase[QTD],tblBase[Grupo_Status],"Em andamento") | F8: Perda / Débito | G8: =SUMIFS(tblBase[QTD],tblBase[Grupo_Status],$F8)
B9: Valor total debitável | C9: =SUM(tblBase[Valor_Total]) | F9: Não aplicável | G9: =SUMIFS(tblBase[QTD],tblBase[Grupo_Status],$F9)
B10: Valor em risco (em aberto) | C10: =SUMIFS(tblBase[Valor_Total],tblBase[Grupo_Status],"Pendente")+SUMIFS(tblBase[Valor_Total],tblBase[Grupo_Status],"Em andamento")
B11: Valor já debitado do STA | C11: =SUMIFS(tblBase[Valor_Total],tblBase[Status],"Debitar do STA")
B12: Aging médio dos pendentes (dias) | C12: =IFERROR(AVERAGE(tblBase[Dias_Em_Aberto]),0)
B13: STAs com itens em aberto | C13: =COUNTIF(SendBulkEmails!F2:F61,">0")
B14: Itens sem e-mail de STA | C14: =COUNTIF(tblBase[Email_STA],"")
B17: Como usar
B18: 1. Lance ou cole novos dados apenas na aba Base_RPTG (tabela tblBase). Todo o resto se atualiza sozinho.
B19: 1a. Preencha só as colunas de entrada: Email_STA, Valor_Total, Grupo_Status, Faixa_Aging, Dias_Em_Aberto, Mes, Ano e Status_Rastreio são fórmulas.
B20: 1b. Cadastre a STA na aba STAs (Cód STA + Email) — é de lá que vêm o e-mail e a lista da aba SendBulkEmails.
B21: 2. Status, Transportadora, Coordenador, Tipo e MEI têm lista suspensa (aba Parametros) — evita a mesma informação escrita de formas diferentes.
B22: 3. Grupo_Status agrupa os 9 status em Concluído / Em andamento / Pendente / Perda-Débito / Não aplicável (intervalo nomeado mapGrupoStatus).
B23: 4. Dias_Em_Aberto e Faixa_Aging medem o tempo desde o encerramento do chamado para o que ainda não voltou.
B24: 5. Abas Resumo_* e Aging_Pendentes usam SUMIFS: não precisam de 'Atualizar' como as tabelas dinâmicas.
B25: 6. Qualidade_Dados lista o que foi corrigido na base original e faz checagens ao vivo.
B26: 7. SendBulkEmails tem 1 linha por STA cadastrada, com assunto e corpo por fórmula; as macros VBA (pasta src/) fazem o envio pelo Outlook.
B27: 8. Todos os nomes, e-mails, códigos e valores desta planilha são fictícios.

Sheet Base_RPTG
A1: Email_STA | B1: Chamado | C1: MEI | D1: UF | E1: Coordenador | F1: Contrato | G1: Tipo | H1: Valor_Debito_Unit | I1: Valor_Total | J1: Dta_Encerramento | K1: Data_Validacao | L1: Status | M1: Grupo_Status | N1: Faixa_Aging | O1: Dias_Em_Aberto | P1: Codigo_STA | Q1: STA | R1: Codigo_Peca | S1: Descricao | T1: QTD | U1: NF | V1: Mes | W1: Ano | X1: Transportadora | Y1: Status_Rastreio
A2: =IFERROR(INDEX(STAs!$G$2:$G$61,MATCH(P2,STAs!$F$2:$F$61,0))&"","") | B2: 20006357 | C2: Não | D2: MS | E2: CENTRO OESTE | F2: Cliente C - Misturador | G2: Misturadores | H2: 60 | I2: =IFERROR(T2*H2,0) | J2: 45901 | K2: 45910 | L2: Ok. Devolvida | M2: =IF(L2="","",IFERROR(VLOOKUP(L2,mapGrupoStatus,2,0),"Outros")) | N2: =IF(O2="","",IF(O2<=30,"0-30 dias",IF(O2<=60,"31-60 dias",IF(O2<=90,"61-90 dias","Mais de 90 dias")))) | O2: =IF(OR(M2="Pendente",M2="Em andamento"),IF(J2="","",TODAY()-J2),"") | P2: 10302 | Q2: Ice Tech Express (10302) | R2: PC-0046 | S2: Sensor de nível modelo 02 | T2: 1 | U2: 110 | V2: =IF(J2="","",MONTH(J2)) | W2: =IF(J2="","",YEAR(J2)) | X2: TransNorte | Y2: =IFERROR(INDEX(Rastreio!$H$2:$H$200,MATCH(X2&"|"&U2,Rastreio!$A$2:$A$200,0)),"")
A3: =IFERROR(INDEX(STAs!$G$2:$G$61,MATCH(P3,STAs!$F$2:$F$61,0))&"","") | B3: 20014343 | C3: Não | D3: RJ | E3: SUDESTE RJ e ES | F3: Cliente B - Chopeira | G3: Chopeiras | H3: 85 | I3: =IFERROR(T3*H3,0) | J3: 45901 | L3: Aguardando Transporte | M3: =IF(L3="","",IFERROR(VLOOKUP(L3,mapGrupoStatus,2,0),"Outros")) | N3: =IF(O3="","",IF(O3<=30,"0-30 dias",IF(O3<=60,"31-60 dias",IF(O3<=90,"61-90 dias","Mais de 90 dias")))) | O3: =IF(OR(M3="Pendente",M3="Em andamento"),IF(J3="","",TODAY()-J3),"") | P3: 12811 | Q3: Norte Frio Técnica (12811) | R3: PC-0036 | S3: Válvula extratora modelo 02 | T3: 2 | U3: 129 | V3: =IF(J3="","",MONTH(J3)) | W3: =IF(J3="","",YEAR(J3)) | X3: ViaCargo | Y3: =IFERROR(INDEX(Rastreio!$H$2:$H$200,MATCH(X3&"|"&U3,Rastreio!$A$2:$A$200,0)),"")
A4: =IFERROR(INDEX(STAs!$G$2:$G$61,MATCH(P4,STAs!$F$2:$F$61,0))&"","") | B4: 20000916 | C4: Não | D4: RJ | E4: SUDESTE RJ e ES | F4: Cliente C - Misturador | G4: Chopeiras | H4: 115 | I4: =IFERROR(T4*H4,0) | J4: 45902 | K4: 45926 | L4: Ok. Devolvida | M4: =IF(L4="","",IFERROR(VLOOKUP(L4,mapGrupoStatus,2,0),"Outros")) | N4: =IF(O4="","",IF(O4<=30,"0-30 dias",IF(O4<=60,"31-60 dias",IF(O4<=90,"61-90 dias","Mais de 90 dias")))) | O4: =IF(OR(M4="Pendente",M4="Em andamento"),IF(J4="","",TODAY()-J4),"") | P4: 12336 | Q4: Termotec ME (12336) | R4: PC-0033 | S4: Regulador de pressão modelo 02 | T4: 1 | U4: 100 | V4: =IF(J4="","",MONTH(J4)) | W4: =IF(J4="","",YEAR(J4)) | X4: CargoMax | Y4: =IFERROR(INDEX(Rastreio!$H$2:$H$200,MATCH(X4&"|"&U4,Rastreio!$A$2:$A$200,0)),"")
A5: =IFERROR(INDEX(STAs!$G$2:$G$61,MATCH(P5,STAs!$F$2:$F$61,0))&"","") | B5: 20024969 | C5: Não | D5: MS | E5: CENTRO OESTE | F5: Cliente B - Chopeira | G5: Refrigeradores | H5: 35 | I5: =IFERROR(T5*H5,0) | J5: 45902 | K5: 45961 | L5: Ok. Devolvida | M5: =IF(L5="","",IFERROR(VLOOKUP(L5,mapGrupoStatus,2,0),"Outros")) | N5: =IF(O5="","",IF(O5<=30,"0-30 dias",IF(O5<=60,"31-60 dias",IF(O5<=90,"61-90 dias","Mais de 90 dias")))) | O5: =IF(OR(M5="Pendente",M5="Em andamento"),IF(J5="","",TODAY()-J5),"") | P5: 10302 | Q5: Ice Tech Express (10302) | R5: PC-0016 | S5: Filtro secador modelo 02 | T5: 3 | U5: 146 | V5: =IF(J5="","",MONTH(J5)) | W5: =IF(J5="","",YEAR(J5)) | X5: LogExpress | Y5: =IFERROR(INDEX(Rastreio!$H$2:$H$200,MATCH(X5&"|"&U5,Rastreio!$A$2:$A$200,0)),"")
A6: =IFERROR(INDEX(STAs!$G$2:$G$61,MATCH(P6,STAs!$F$2:$F$61,0))&"","") | B6: 20038511 | C6: Não | D6: MG | E6: SUDESTE MG | F6: Cliente B - Chopeira | G6: Chopeiras | H6: 85 | I6: =IFERROR(T6*H6,0) | J6: 45902 | K6: 45958 | L6: Ok. Devolvida | M6: =IF(L6="","",IFERROR(VLOOKUP(L6,mapGrupoStatus,2,0),"Outros")) | N6: =IF(O6="","",IF(O6<=30,"0-30 dias",IF(O6<=60,"31-60 dias",IF(O6<=90,"61-90 dias","Mais de 90 dias")))) | O6: =IF(OR(M6="Pendente",M6="Em andamento"),IF(J6="","",TODAY()-J6),"") | P6: 12470 | Q6: Cool Service Técnica (12470) | R6: PC-0036 | S6: Válvula extratora modelo 02 | T6: 2 | U6: 158 | V6: =IF(J6="","",MONTH(J6)) | W6: =IF(J6="","",YEAR(J6)) | X6: ViaCargo | Y6: =IFERROR(INDEX(Rastreio!$H$2:$H$200,MATCH(X6&"|"&U6,Rastreio!$A$2:$A$200,0)),"")
A7: =IFERROR(INDEX(STAs!$G$2:$G$61,MATCH(P7,STAs!$F$2:$F$61,0))&"","") | B7: 20003998 | C7: Não | D7: GO | E7: CENTRO OESTE | F7: Cliente A - Refrigerador | G7: Misturadores | H7: 50 | I7: =IFERROR(T7*H7,0) | J7: 45903 | L7: Não Devolve-Norte | M7: =IF(L7="","",IFERROR(VLOOKUP(L7,mapGrupoStatus,2,0),"Outros")) | N7: =IF(O7="","",IF(O7<=30,"0-30 dias",IF(O7<=60,"31-60 dias",IF(O7<=90,"61-90 dias","Mais de 90 dias")))) | O7: =IF(OR(M7="Pendente",M7="Em andamento"),IF(J7="","",TODAY()-J7),"") | P7: 10317 | Q7: Termotec Manutenção (10317) | R7: PC-0044 | S7: Bico dosador modelo 03 | T7: 1 | V7: =IF(J7="","",MONTH(J7)) | W7: =IF(J7="","",YEAR(J7)) | Y7: =IFERROR(INDEX(Rastreio!$H$2:$H$200,MATCH(X7&"|"&U7,Rastreio!$A$2:$A$200,0)),"")
A8: =IFERROR(INDEX(STAs!$G$2:$G$61,MATCH(P8,STAs!$F$2:$F$61,0))&"","") | B8: 20018341 | C8: Não | D8: AP | E8: NORTE | F8: Cliente A - Refrigerador | G8: Misturadores | H8: 60 | I8: =IFERROR(T8*H8,0) | J8: 45903 | K8: 45927 | L8: Ok. Devolvida | M8: =IF(L8="","",IFERROR(VLOOKUP(L8,mapGrupoStatus,2,0),"Outros")) | N8: =IF(O8="","",IF(O8<=30,"0-30 dias",IF(O8<=60,"31-60 dias",IF(O8<=90,"61-90 dias","Mais de 90 dias")))) | O8: =IF(OR(M8="Pendente",M8="Em andamento"),IF(J8="","",TODAY()-J8),"") | P8: 11859 | Q8: Ice Tech Serviços (11859) | R8: PC-0046 | S8: Sensor de nível modelo 02 | T8: 3 | U8: 124 | V8: =IF(J8="","",MONTH(J8)) | W8: =IF(J8="","",YEAR(J8)) | X8: RotaSul | Y8: =IFERROR(INDEX(Rastreio!$H$2:$H$200,MATCH(X8&"|"&U8,Rastreio!$A$2:$A$200,0)),"")
A9: =IFERROR(INDEX(STAs!$G$2:$G$61,MATCH(P9,STAs!$F$2:$F$61,0))&"","") | B9: 20019775 | C9: Não | D9: RS | E9: SUL | F9: Cliente C - Misturador | G9: Refrigeradores | H9: 35 | I9: =IFERROR(T9*H9,0) | J9: 45903 | K9: 45923 | L9: Ok. Devolvida | M9: =IF(L9="","",IFERROR(VLOOKUP(L9,mapGrupoStatus,2,0),"Outros")) | N9: =IF(O9="","",IF(O9<=30,"0-30 dias",IF(O9<=60,"31-60 dias",IF(O9<=90,"61-90 dias","Mais de 90 dias")))) | O9: =IF(OR(M9="Pendente",M9="Em andamento"),IF(J9="","",TODAY()-J9),"") | P9: 11459 | Q9: Frio ME (11459) | R9: PC-0020 | S9: Gaxeta da porta modelo 03 | T9: 1 | U9: 129 | V9: =IF(J9="","",MONTH(J9)) | W9: =IF(J9="","",YEAR(J9)) | X9: EntregaJá | Y9: =IFERROR(INDEX(Rastreio!$H$2:$H$200,MATCH(X9&"|"&U9,Rastreio!$A$2:$A$200,0)),"")
A10: =IFERROR(INDEX(STAs!$G$2:$G$61,MATCH(P10,STAs!$F$2:$F$61,0))&"","") | B10: 20022442 | C10: Não | D10: PI | E10: NORDESTE | F10: Cliente B - Chopeira | G10: Refrigeradores | H10: 65 | I10: =IFERROR(T10*H10,0) | J10: 45903 | K10: 45940 | L10: Ok. Devolvida | M10: =IF(L10="","",IFERROR(VLOOKUP(L10,mapGrupoStatus,2,0),"Outros")) | N10: =IF(O10="","",IF(O10<=30,"0-30 dias",IF(O10<=60,"31-60 dias",IF(O10<=90,"61-90 dias","Mais de 90 dias")))) | O10: =IF(OR(M10="Pendente",M10="Em andamento"),IF(J10="","",TODAY()-J10),"") | P10: 10562 | Q10: Clima & Cia (10562) | R10: PC-0010 | S10: Ventilador modelo 04 | T10: 1 | U10: 133 | V10: =IF(J10="","",MONTH(J10)) | W10: =IF(J10="","",YEAR(J10)) | X10: EntregaJá | Y10: =IFERROR(INDEX(Rastreio!$H$2:$H$200,MATCH(X10&"|"&U10,Rastreio!$A$2:$A$200,0)),"")
A11: =IFERROR(INDEX(STAs!$G$2:$G$61,MATCH(P11,STAs!$F$2:$F$61,0))&"","") | B11: 20026593 | C11: Não | D11: TO | E11: NORTE | F11: Cliente B - Chopeira | G11: Refrigeradores | H11: 315 | I11: =IFERROR(T11*H11,0) | J11: 45903 | L11: Não Devolve-Norte | M11: =IF(L11="","",IFERROR(VLOOKUP(L11,mapGrupoStatus,2,0),"Outros")) | N11: =IF(O11="","",IF(O11<=30,"0-30 dias",IF(O11<=60,"31-60 dias",IF(O11<=90,"61-90 dias","Mais de 90 dias")))) | O11: =IF(OR(M11="Pendente",M11="Em andamento"),IF(J11="","",TODAY()-J11),"") | P11: 10939 | Q11: Zero Grau Manutenção (10939) | R11: PC-0002 | S11: Compressor modelo 02 | T11: 1 | V11: =IF(J11="","",MONTH(J11)) | W11: =IF(J11="","",YEAR(J11)) | Y11: =IFERROR(INDEX(Rastreio!$H$2:$H$200,MATCH(X11&"|"&U11,Rastreio!$A$2:$A$200,0)),"")
A12: =IFERROR(INDEX(STAs!$G$2:$G$61,MATCH(P12,STAs!$F$2:$F$61,0))&"","") | B12: 20035223 | C12: Não | D12: PR | E12: SUL | F12: Cliente C - Misturador | G12: Refrigeradores | H12: 55 | I12: =IFERROR(T12*H12,0) | J12: 45903 | L12: NF Vencida | M12: =IF(L12="","",IFERROR(VLOOKUP(L12,mapGrupoStatus,2,0),"Outros")) | N12: =IF(O12="","",IF(O12<=30,"0-30 dias",IF(O12<=60,"31-60 dias",IF(O12<=90,"61-90 dias","Mais de 90 dias")))) | O12: =IF(OR(M12="Pendente",M12="Em andamento"),IF(J12="","",TODAY()-J12),"") | P12: 12089 | Q12: Termotec Serviços (12089) | R12: PC-0008 | S12: Ventilador modelo 02 | T12: 2 | V12: =IF(J12="","",MONTH(J12)) | W12: =IF(J12="","",YEAR(J12)) | Y12: =IFERROR(INDEX(Rastreio!$H$2:$H$200,MATCH(X12&"|"&U12,Rastreio!$A$2:$A$200,0)),"")
A13: =IFERROR(INDEX(STAs!$G$2:$G$61,MATCH(P13,STAs!$F$2:$F$61,0))&"","") | B13: 20001996 | C13: Não | D13: PE | E13: NORDESTE | F13: Cliente B - Chopeira | G13: Misturadores | H13: 255 | I13: =IFERROR(T13*H13,0) | J13: 45904 | K13: 45922 | L13: Ok. Devolvida | M13: =IF(L13="","",IFERROR(VLOOKUP(L13,mapGrupoStatus,2,0),"Outros")) | N13: =IF(O13="","",IF(O13<=30,"0-30 dias",IF(O13<=60,"31-60 dias",IF(O13<=90,"61-90 dias","Mais de 90 dias")))) | O13: =IF(OR(M13="Pendente",M13="Em andamento"),IF(J13="","",TODAY()-J13),"") | P13: 11352 | Q13: Frio Express (11352) | R13: PC-0039 | S13: Bomba de recirculação modelo 03 | T13: 1 | U13: 101 | V13: =IF(J13="","",MONTH(J13)) | W13: =IF(J13="","",YEAR(J13)) | X13: TransNorte | Y13: =IFERROR(INDEX(Rastreio!$H$2:$H$200,MATCH(X13&"|"&U13,Rastreio!$A$2:$A$200,0)),"")
A14: =IFERROR(INDEX(STAs!$G$2:$G$61,MATCH(P14,STAs!$F$2:$F$61,0))&"","") | B14: 20009837 | C14: Não | D14: PR | E14: SUL | F14: Cliente A - Refrigerador | G14: Chopeiras | H14: 85 | I14: =IFERROR(T14*H14,0) | J14: 45904 | L14: Em transporte | M14: =IF(L14="","",IFERROR(VLOOKUP(L14,mapGrupoStatus,2,0),"Outros")) | N14: =IF(O14="","",IF(O14<=30,"0-30 dias",IF(O14<=60,"31-60 dias",IF(O14<=90,"61-90 dias","Mais de 90 dias")))) | O14: =IF(OR(M14="Pendente",M14="Em andamento"),IF(J14="","",TODAY()-J14),"") | P14: 10504 | Q14: Zero Grau Ltda (10504) | R14: PC-0035 | S14: Válvula extratora modelo 01 | T14: 2 | U14: 117 | V14: =IF(J14="","",MONTH(J14)) | W14: =IF(J14="","",YEAR(J14)) | X14: TransNorte | Y14: =IFERROR(INDEX(Rastreio!$H$2:$H$200,MATCH(X14&"|"&U14,Rastreio!$A$2:$A$200,0)),"")
A15: =IFERROR(INDEX(STAs!$G$2:$G$61,MATCH(P15,STAs!$F$2:$F$61,0))&"","") | B15: 20023917 | C15: Sim | D15: SP | E15: SUDESTE SP | F15: Cliente B - Chopeira | G15: Misturadores | H15: 200 | I15: =IFERROR(T15*H15,0) | J15: 45904 | L15: Aguardando Transporte | M15: =IF(L15="","",IFERROR(VLOOKUP(L15,mapGrupoStatus,2,0),"Outros")) | N15: =IF(O15="","",IF(O15<=30,"0-30 dias",IF(O15<=60,"31-60 dias",IF(O15<=90,"61-90 dias","Mais de 90 dias")))) | O15: =IF(OR(M15="Pendente",M15="Em andamento"),IF(J15="","",TODAY()-J15),"") | P15: 10010 | Q15: Cool Service ME (10010) | R15: PC-0040 | S15: Motor agitador modelo 01 | T15: 1 | U15: 136 | V15: =IF(J15="","",MONTH(J15)) | W15: =IF(J15="","",YEAR(J15)) | X15: EntregaJá | Y15: =IFERROR(INDEX(Rastreio!$H$2:$H$200,MATCH(X15&"|"&U15,Rastreio!$A$2:$A$200,0)),"")
A16: =IFERROR(INDEX(STAs!$G$2:$G$61,MATCH(P16,STAs!$F$2:$F$61,0))&"","") | B16: 20029380 | C16: Não | D16: SP | E16: SUDESTE SP | F16: Cliente B - Chopeira | G16: Chopeiras | H16: 85 | I16: =IFERROR(T16*H16,0) | J16: 45904 | K16: 45961 | L16: Ok. Devolvida | M16: =IF(L16="","",IFERROR(VLOOKUP(L16,mapGrupoStatus,2,0),"Outros")) | N16: =IF(O16="","",IF(O16<=30,"0-30 dias",IF(O16<=60,"31-60 dias",IF(O16<=90,"61-90 dias","Mais de 90 dias")))) | O16: =IF(OR(M16="Pendente",M16="Em andamento"),IF(J16="","",TODAY()-J16),"") | P16: 11710 | Q16: Brisa & Cia (11710) | R16: PC-0035 | S16: Válvula extratora modelo 01 | T16: 2 | U16: 155 | V16: =IF(J16="","",MONTH(J16)) | W16: =IF(J16="","",YEAR(J16)) | X16: LogExpress | Y16: =IFERROR(INDEX(Rastreio!$H$2:$H$200,MATCH(X16&"|"&U16,Rastreio!$A$2:$A$200,0)),"")
A17: =IFERROR(INDEX(STAs!$G$2:$G$61,MATCH(P17,STAs!$F$2:$F$61,0))&"","") | B17: 20032538 | C17: Não | D17: AM | E17: NORTE | F17: Cliente A - Refrigerador | G17: Refrigeradores | H17: 175 | I17: =IFERROR(T17*H17,0) | J17: 45904 | K17: 45939 | L17: Ok. Devolvida | M17: =IF(L17="","",IFERROR(VLOOKUP(L17,mapGrupoStatus,2,0),"Outros")) | N17: =IF(O17="","",IF(O17<=30,"0-30 dias",IF(O17<=60,"31-60 dias",IF(O17<=90,"61-90 dias","Mais de 90 dias")))) | O17: =IF(OR(M17="Pendente",M17="Em andamento"),IF(J17="","",TODAY()-J17),"") | P17: 12269 | Q17: Polar Técnica (12269) | R17: PC-0012 | S17: Placa eletrônica modelo 02 | T17: 1 | U17: 157 | V17: =IF(J17="","",MONTH(J17)) | W17: =IF(J17="","",YEAR(J17)) | X17: RotaSul | Y17: =IFERROR(INDEX(Rastreio!$H$2:$H$200,MATCH(X17&"|"&U17,Rastreio!$A$2:$A$200,0)),"")
A18: =IFERROR(INDEX(STAs!$G$2:$G$61,MATCH(P18,STAs!$F$2:$F$61,0))&"","") | B18: 20035552 | C18: Não | D18: RR | E18: NORTE | F18: Cliente A - Refrigerador | G18: Refrigeradores | H18: 55 | I18: =IFERROR(T18*H18,0) | J18: 45904 | K18: 45961 | L18: Ok. Devolvida | M18: =IF(L18="","",IFERROR(VLOOKUP(L18,mapGrupoStatus,2,0),"Outros")) | N18: =IF(O18="","",IF(O18<=30,"0-30 dias",IF(O18<=60,"31-60 dias",IF(O18<=90,"61-90 dias","Mais de 90 dias")))) | O18: =IF(OR(M18="Pendente",M18="Em andamento"),IF(J18="","",TODAY()-J18),"") | P18: 10468 | Q18: Clima Express (10468) | R18: PC-0007 | S18: Ventilador modelo 01 | T18: 2 | U18: 165 | V18: =IF(J18="","",MONTH(J18)) | W18: =IF(J18="","",YEAR(J18)) | X18: RotaSul | Y18: =IFERROR(INDEX(Rastreio!$H$2:$H$200,MATCH(X18&"|"&U18,Rastreio!$A$2:$A$200,0)),"")
A19: =IFERROR(INDEX(STAs!$G$2:$G$61,MATCH(P19,STAs!$F$2:$F$61,0))&"","") | B19: 20040039 | C19: Não | D19: SP | E19: SUDESTE SP | F19: Cliente A - Refrigerador | G19: Misturadores | H19: 255 | I19: =IFERROR(T19*H19,0) | J19: 45904 | L19: Aguardando devolução | M19: =IF(L19="","",IFERROR(VLOOKUP(L19,mapGrupoStatus,2,0),"Outros")) | N19: =IF(O19="","",IF(O19<=30,"0-30 dias",IF(O19<=60,"31-60 dias",IF(O19<=90,"61-90 dias","Mais de 90 dias")))) | O19: =IF(OR(M19="Pendente",M19="Em andamento"),IF(J19="","",TODAY()-J19),"") | P19: 12901 | Q19: Frio Serviços (12901) | R19: PC-0037 | S19: Bomba de recirculação modelo 01 | T19: 3 | V19: =IF(J19="","",MONTH(J19)) | W19: =IF(J19="","",YEAR(J19)) | Y19: =IFERROR(INDEX(Rastreio!$H$2:$H$200,MATCH(X19&"|"&U19,Rastreio!$A$2:$A$200,0)),"")
A20: =IFERROR(INDEX(STAs!$G$2:$G$61,MATCH(P20,STAs!$F$2:$F$61,0))&"","") | B20: 20040502 | C20: Não | D20: GO | E20: CENTRO OESTE | F20: Cliente B - Chopeira | G20: Refrigeradores | H20: 155 | I20: =IFERROR(T20*H20,0) | J20: 45904 | L20: Não Devolve-Norte | M20: =IF(L20="","",IFERROR(VLOOKUP(L20,mapGrupoStatus,2,0),"Outros")) | N20: =IF(O20="","",IF(O20<=30,"0-30 dias",IF(O20<=60,"31-60 dias",IF(O20<=90,"61-90 dias","Mais de 90 dias")))) | O20: =IF(OR(M20="Pendente",M20="Em andamento"),IF(J20="","",TODAY()-J20),"") | P20: 12007 | Q20: Refrigel Ltda (12007) | R20: PC-0022 | S20: Controlador digital modelo 02 | T20: 1 | V20: =IF(J20="","",MONTH(J20)) | W20: =IF(J20="","",YEAR(J20)) | Y20: =IFERROR(INDEX(Rastreio!$H$2:$H$200,MATCH(X20&"|"&U20,Rastreio!$A$2:$A$200,0)),"")
A21: =IFERROR(INDEX(STAs!$G$2:$G$61,MATCH(P21,STAs!$F$2:$F$61,0))&"","") | B21: 20004072 | C21: Não | D21: MG | E21: SUDESTE MG | F21: Cliente B - Chopeira | G21: Refrigeradores | H21: 45 | I21: =IFERROR(T21*H21,0) | J21: 45905 | K21: 45948 | L21: Ok. Devolvida | M21: =IF(L21="","",IFERROR(VLOOKUP(L21,mapGrupoStatus,2,0),"Outros")) | N21: =IF(O21="","",IF(O21<=30,"0-30 dias",IF(O21<=60,"31-60 dias",IF(O21<=90,"61-90 dias","Mais de 90 dias")))) | O21: =IF(OR(M21="Pendente",M21="Em andamento"),IF(J21="","",TODAY()-J21),"") | P21: 12689 | Q21: Norte Frio Manutenção (12689) | R21: PC-0019 | S21: Gaxeta da porta modelo 02 | T21: 1 | U21: 105 | V21: =IF(J21="","",MONTH(J21)) | W21: =IF(J21="","",YEAR(J21)) | X21: LogExpress | Y21: =IFERROR(INDEX(Rastreio!$H$2:$H$200,MATCH(X21&"|"&U21,Rastreio!$A$2:$A$200,0)),"")
A22: =IFERROR(INDEX(STAs!$G$2:$G$61,MATCH(P22,STAs!$F$2:$F$61,0))&"","") | B22: 20024708 | C22: Não | D22: PA | E22: NORTE | F22: Cliente C - Misturador | G22: Misturadores | H22: 255 | I22: =IFERROR(T22*H22,0) | J22: 45905 | L22: Não Devolve-Norte | M22: =IF(L22="","",IFERROR(VLOOKUP(L22,mapGrupoStatus,2,0),"Outros")) | N22: =IF(O22="","",IF(O22<=30,"0-30 dias",IF(O22<=60,"31-60 dias",IF(O22<=90,"61-90 dias","Mais de 90 dias")))) | O22: =IF(OR(M22="Pendente",M22="Em andamento"),IF(J22="","",TODAY()-J22),"") | P22: 11986 | Q22: Polar Serviços (11986) | R22: PC-0039 | S22: Bomba de recirculação modelo 03 | T22: 2 | V22: =IF(J22="","",MONTH(J22)) | W22: =IF(J22="","",YEAR(J22)) | Y22: =IFERROR(INDEX(Rastreio!$H$2:$H$200,MATCH(X22&"|"&U22,Rastreio!$A$2:$A$200,0)),"")
A23: =IFERROR(INDEX(STAs!$G$2:$G$61,MATCH(P23,STAs!$F$2:$F$61,0))&"","") | B23: 20025192 | C23: Não | D23: RJ | E23: SUDESTE RJ e ES | F23: Cliente B - Chopeira | G23: Refrigeradores | H23: 50 | I23: =IFERROR(T23*H23,0) | J23: 45905 | L23: NPD | M23: =IF(L23="","",IFERROR(VLOOKUP(L23,mapGrupoStatus,2,0),"Outros")) | N23: =IF(O23="","",IF(O23<=30,"0-30 dias",IF(O23<=60,"31-60 dias",IF(O23<=90,"61-90 dias","Mais de 90 dias")))) | O23: =IF(OR(M23="Pendente",M23="Em andamento"),IF(J23="","",TODAY()-J23),"") | P23: 11059 | Q23: Frio Ltda (11059) | R23: PC-0006 | S23: Termostato modelo 03 | T23: 3 | V23: =IF(J23="","",MONTH(J23)) | W23: =IF(J23="","",YEAR(J23)) | Y23: =IFERROR(INDEX(Rastreio!$H$2:$H$200,MATCH(X23&"|"&U23,Rastreio!$A$2:$A$200,0)),"")
A24: =IFERROR(INDEX(STAs!$G$2:$G$61,MATCH(P24,STAs!$F$2:$F$61,0))&"","") | B24: 20025509 | C24: Não | D24: RJ | E24: SUDESTE RJ e ES | F24: Cliente C - Misturador | G24: Refrigeradores | H24: 35 | I24: =IFERROR(T24*H24,0) | J24: 45905 | K24: 45916 | L24: Ok. Devolvida | M24: =IF(L24="","",IFERROR(VLOOKUP(L24,mapGrupoStatus,2,0),"Outros")) | N24: =IF(O24="","",IF(O24<=30,"0-30 dias",IF(O24<=60,"31-60 dias",IF(O24<=90,"61-90 dias","Mais de 90 dias")))) | O24: =IF(OR(M24="Pendente",M24="Em andamento"),IF(J24="","",TODAY()-J24),"") | P24: 12336 | Q24: Termotec ME (12336) | R24: PC-0016 | S24: Filtro secador modelo 02 | T24: 1 | U24: 142 | V24: =IF(J24="","",MONTH(J24)) | W24: =IF(J24="","",YEAR(J24)) | X24: ViaCargo | Y24: =IFERROR(INDEX(Rastreio!$H$2:$H$200,MATCH(X24&"|"&U24,Rastreio!$A$2:$A$200,0)),"")
A25: =IFERROR(INDEX(STAs!$G$2:$G$61,MATCH(P25,STAs!$F$2:$F$61,0))&"","") | B25: 20035873 | C25: Não | D25: MT | E25: CENTRO OESTE | F25: Cliente A - Refrigerador | G25: Refrigeradores | H25: 50 | I25: =IFERROR(T25*H25,0) | J25: 45905 | L25: Debitar do STA | M25: =IF(L25="","",IFERROR(VLOOKUP(L25,mapGrupoStatus,2,0),"Outros")) | N25: =IF(O25="","",IF(O25<=30,"0-30 dias",IF(O25<=60,"31-60 dias",IF(O25<=90,"61-90 dias","Mais de 90 dias")))) | O25: =IF(OR(M25="Pendente",M25="Em andamento"),IF(J25="","",TODAY()-J25),"") | P25: 10227 | Q25: Assistência Técnica ME (10227) | R25: PC-0006 | S25: Termostato modelo 03 | T25: 1 | V25: =IF(J25="","",MONTH(J25)) | W25: =IF(J25="","",YEAR(J25)) | Y25: =IFERROR(INDEX(Rastreio!$H$2:$H$200,MATCH(X25&"|"&U25,Rastreio!$A$2:$A$200,0)),"")
A26: =IFERROR(INDEX(STAs!$G$2:$G$61,MATCH(P26,STAs!$F$2:$F$61,0))&"","") | B26: 20005745 | C26: Não | D26: ES | E26: SUDESTE RJ e ES | F26: Cliente C - Misturador | G26: Chopeiras | H26: 85 | I26: =IFERROR(T26*H26,0) | J26: 45906 | K26: 45925 | L26: Ok. Devolvida | M26: =IF(L26="","",IFERROR(VLOOKUP(L26,mapGrupoStatus,2,0),"Outros")) | N26: =IF(O26="","",IF(O26<=30,"0-30 dias",IF(O26<=60,"31-60 dias",IF(O26<=90,"61-90 dias","Mais de 90 dias")))) | O26: =IF(OR(M26="Pendente",M26="Em andamento"),IF(J26="","",TODAY()-J26),"") | P26: 11099 | Q26: Refrigel Serviços (11099) | R26: PC-0028 | S26: Torneira de chopp modelo 03 | T26: 1 | U26: 107 | V26: =IF(J26="","",MONTH(J26)) | W26: =IF(J26="","",YEAR(J26)) | X26: CargoMax | Y26: =IFERROR(INDEX(Rastreio!$H$2:$H$200,MATCH(X26&"|"&U26,Rastreio!$A$2:$A$200,0)),"")
A27: =IFERROR(INDEX(STAs!$G$2:$G$61,MATCH(P27,STAs!$F$2:$F$61,0))&"","") | B27: 20009956 | C27: Não | D27: SP | E27: SUDESTE SP | F27: Cliente A - Refrigerador | G27: Misturadores | H27: 50 | I27: =IFERROR(T27*H27,0) | J27: 45906 | L27: Em transporte | M27: =IF(L27="","",IFERROR(VLOOKUP(L27,mapGrupoStatus,2,0),"Outros")) | N27: =IF(O27="","",IF(O27<=30,"0-30 dias",IF(O27<=60,"31-60 dias",IF(O27<=90,"61-90 dias","Mais de 90 dias")))) | O27: =IF(OR(M27="Pendente",M27="Em andamento"),IF(J27="","",TODAY()-J27),"") | P27: 12052 | Q27: Brisa Refrigeração (12052) | R27: PC-0047 | S27: Sensor de nível modelo 03 | T27: 1 | U27: 120 | V27: =IF(J27="","",MONTH(J27)) | W27: =IF(J27="","",YEAR(J27)) | X27: CargoMax | Y27: =IFERROR(INDEX(Rastreio!$H$2:$H$200,MATCH(X27&"|"&U27,Rastreio!$A$2:$A$200,0)),"")
A28: =IFERROR(INDEX(STAs!$G$2:$G$61,MATCH(P28,STAs!$F$2:$F$61,0))&"","") | B28: 20012611 | C28: Não | D28: RJ | E28: SUDESTE RJ e ES | F28: Cliente B - Chopeira | G28: Misturadores | H28: 60 | I28: =IFERROR(T28*H28,0) | J28: 45906 | L28: Em andamento | M28: =IF(L28="","",IFERROR(VLOOKUP(L28,mapGrupoStatus,2,0),"Outros")) | N28: =IF(O28="","",IF(O28<=30,"0-30 dias",IF(O28<=60,"31-60 dias",IF(O28<=90,"61-90 dias","Mais de 90 dias")))) | O28: =IF(OR(M28="Pendente",M28="Em andamento"),IF(J28="","",TODAY()-J28),"") | P28: 10676 | Q28: Clima Serviços (10676) | R28: PC-0048 | S28: Sensor de nível modelo 04 | T28: 1 | U28: 124 | V28: =IF(J28="","",MONTH(J28)) | W28: =IF(J28="","",YEAR(J28)) | X28: EntregaJá | Y28: =IFERROR(INDEX(Rastreio!$H$2:$H$200,MATCH(X28&"|"&U28,Rastreio!$A$2:$A$200,0)),"")
A29: =IFERROR(INDEX(STAs!$G$2:$G$61,MATCH(P29,STAs!$F$2:$F$61,0))&"","") | B29: 20021129 | C29: Não | D29: SP | E29: SUDESTE SP | F29: Cliente B - Chopeira | G29: Refrigeradores | H29: 325 | I29: =IFERROR(T29*H29,0) | J29: 45906 | K29: 45912 | L29: Ok. Devolvida | M29: =IF(L29="","",IFERROR(VLOOKUP(L29,mapGrupoStatus,2,0),"Outros")) | N29: =IF(O29="","",IF(O29<=30,"0-30 dias",IF(O29<=60,"31-60 dias",IF(O29<=90,"61-90 dias","Mais de 90 dias")))) | O29: =IF(OR(M29="Pendente",M29="Em andamento"),IF(J29="","",TODAY()-J29),"") | P29: 10538 | Q29: Frio Refrigeração (10538) | R29: PC-0001 | S29: Compressor modelo 01 | T29: 1 | U29: 139 | V29: =IF(J29="","",MONTH(J29)) | W29: =IF(J29="","",YEAR(J29)) | X29: CargoMax | Y29: =IFERROR(INDEX(Rastreio!$H$2:$H$200,MATCH(X29&"|"&U29,Rastreio!$A$2:$A$200,0)),"")
A30: =IFERROR(INDEX(STAs!$G$2:$G$61,MATCH(P30,STAs!$F$2:$F$61,0))&"","") | B30: 20023674 | C30: Não | D30: RR | E30: NORTE | F30: Cliente A - Refrigerador | G30: Refrigeradores | H30: 25 | I30: =IFERROR(T30*H30,0) | J30: 45906 | K30: 45925 | L30: Ok. Devolvida | M30: =IF(L30="","",IFERROR(VLOOKUP(L30,mapGrupoStatus,2,0),"Outros")) | N30: =IF(O30="","",IF(O30<=30,"0-30 dias",IF(O30<=60,"31-60 dias",IF(O30<=90,"61-90 dias","Mais de 90 dias")))) | O30: =IF(OR(M30="Pendente",M30="Em andamento"),IF(J30="","",TODAY()-J30),"") | P30: 12422 | Q30: Assistência Técnica Refrigeração (12422) | R30: PC-0015 | S30: Filtro secador modelo 01 | T30: 1 | U30: 139 | V30: =IF(J30="","",MONTH(J30)) | W30: =IF(J30="","",YEAR(J30)) | X30: RotaSul | Y30: =IFERROR(INDEX(Rastreio!$H$2:$H$200,MATCH(X30&"|"&U30,Rastreio!$A$2:$A$200,0)),"")
A31: =IFERROR(INDEX(STAs!$G$2:$G$61,MATCH(P31,STAs!$F$2:$F$61,0))&"","") | B31: 20023872 | C31: Não | D31: TO | E31: NORTE | F31: Cliente C - Misturador | G31: Chopeiras | H31: 85 | I31: =IFERROR(T31*H31,0) | J31: 45906 | L31: Não Devolve-Norte | M31: =IF(L31="","",IFERROR(VLOOKUP(L31,mapGrupoStatus,2,0),"Outros")) | N31: =IF(O31="","",IF(O31<=30,"0-30 dias",IF(O31<=60,"31-60 dias",IF(O31<=90,"61-90 dias","Mais de 90 dias")))) | O31: =IF(OR(M31="Pendente",M31="Em andamento"),IF(J31="","",TODAY()-J31),"") | P31: 10939 | Q31: Zero Grau Manutenção (10939) | R31: PC-0036 | S31: Válvula extratora modelo 02 | T31: 2 | V31: =IF(J31="","",MONTH(J31)) | W31: =IF(J31="","",YEAR(J31)) | Y31: =IFERROR(INDEX(Rastreio!$H$2:$H$200,MATCH(X31&"|"&U31,Rastreio!$A$2:$A$200,0)),"")
A32: =IFERROR(INDEX(STAs!$G$2:$G$61,MATCH(P32,STAs!$F$2:$F$61,0))&"","") | B32: 20030728 | C32: Não | D32: PA | E32: NORTE | F32: Cliente A - Refrigerador | G32: Refrigeradores | H32: 315 | I32: =IFERROR(T32*H32,0) | J32: 45906 | L32: Não Devolve-Norte | M32: =IF(L32="","",IFERROR(VLOOKUP(L32,mapGrupoStatus,2,0),"Outros")) | N32: =IF(O32="","",IF(O32<=30,"0-30 dias",IF(O32<=60,"31-60 dias",IF(O32<=90,"61-90 dias","Mais de 90 dias")))) | O32: =IF(OR(M32="Pendente",M32="Em andamento"),IF(J32="","",TODAY()-J32),"") | P32: 11986 | Q32: Polar Serviços (11986) | R32: PC-0002 | S32: Compressor modelo 02 | T32: 2 | V32: =IF(J32="","",MONTH(J32)) | W32: =IF(J32="","",YEAR(J32)) | Y32: =IFERROR(INDEX(Rastreio!$H$2:$H$200,MATCH(X32&"|"&U32,Rastreio!$A$2:$A$200,0)),"")
A33: =IFERROR(INDEX(STAs!$G$2:$G$61,MATCH(P33,STAs!$F$2:$F$61,0))&"","") | B33: 20038093 | C33: Não | D33: BA | E33: NORDESTE | F33: Cliente C - Misturador | G33: Misturadores | H33: 50 | I33: =IFERROR(T33*H33,0) | J33: 45906 | K33: 45943 | L33: Ok. Devolvida | M33: =IF(L33="","",IFERROR(VLOOKUP(L33,mapGrupoStatus,2,0),"Outros")) | N33: =IF(O33="","",IF(O33<=30,"0-30 dias",IF(O33<=60,"31-60 dias",IF(O33<=90,"61-90 dias","Mais de 90 dias")))) | O33: =IF(OR(M33="Pendente",M33="Em andamento"),IF(J33="","",TODAY()-J33),"") | P33: 12194 | Q33: Polar & Cia (12194) | R33: PC-0045 | S33: Sensor de nível modelo 01 | T33: 1 | U33: 169 | V33: =IF(J33="","",MONTH(J33)) | W33: =IF(J33="","",YEAR(J33)) | X33: LogExpress | Y33: =IFERROR(INDEX(Rastreio!$H$2:$H$200,MATCH(X33&"|"&U33,Rastreio!$A$2:$A$200,0)),"")
A34: =IFERROR(INDEX(STAs!$G$2:$G$61,MATCH(P34,STAs!$F$2:$F$61,0))&"","") | B34: 20039365 | C34: Não | D34: PI | E34: NORDESTE | F34: Cliente A - Refrigerador | G34: Chopeiras | H34: 115 | I34: =IFERROR(T34*H34,0) | J34: 45906 | L34: NPD | M34: =IF(L34="","",IFERROR(VLOOKUP(L34,mapGrupoStatus,2,0),"Outros")) | N34: =IF(O34="","",IF(O34<=30,"0-30 dias",IF(O34<=60,"31-60 dias",IF(O34<=90,"61-90 dias","Mais de 90 dias")))) | O34: =IF(OR(M34="Pendente",M34="Em andamento"),IF(J34="","",TODAY()-J34),"") | P34: 12936 | Q34: Frigo Técnica (12936) | R34: PC-0033 | S34: Regulador de pressão modelo 02 | T34: 1 | V34: =IF(J34="","",MONTH(J34)) | W34: =IF(J34="","",YEAR(J34)) | Y34: =IFERROR(INDEX(Rastreio!$H$2:$H$200,MATCH(X34&"|"&U34,Rastreio!$A$2:$A$200,0)),"")
A35: =IFERROR(INDEX(STAs!$G$2:$G$61,MATCH(P35,STAs!$F$2:$F$61,0))&"","") | B35: 20005361 | C35: Não | D35: RJ | E35: SUDESTE RJ e ES | F35: Cliente C - Misturador | G35: Refrigeradores | H35: 155 | I35: =IFERROR(T35*H35,0) | J35: 45907 | K35: 45936 | L35: Ok. Devolvida | M35: =IF(L35="","",IFERROR(VLOOKUP(L35,mapGrupoStatus,2,0),"Outros")) | N35: =IF(O35="","",IF(O35<=30,"0-30 dias",IF(O35<=60,"31-60 dias",IF(O35<=90,"61-90 dias","Mais de 90 dias")))) | O35: =IF(OR(M35="Pendente",M35="Em andamento"),IF(J35="","",TODAY()-J35),"") | P35: 12336 | Q35: Termotec ME (12336) | R35: PC-0021 | S35: Controlador digital modelo 01 | T35: 2 | U35: 107 | V35: =IF(J35="","",MONTH(J35)) | W35: =IF(J35="","",YEAR(J35)) | X35: LogExpress | Y35: =IFERROR(INDEX(Rastreio!$H$2:$H$200,MATCH(X35&"|"&U35,Rastreio!$A$2:$A$200,0)),"")
A36: =IFERROR(INDEX(STAs!$G$2:$G$61,MATCH(P36,STAs!$F$2:$F$61,0))&"","") | B36: 20008774 | C36: Não | D36: ES | E36: SUDESTE RJ e ES | F36: Cliente C - Misturador | G36: Refrigeradores | H36: 35 | I36: =IFERROR(T36*H36,0) | J36: 45907 | L36: Em andamento | M36: =IF(L36="","",IFERROR(VLOOKUP(L36,mapGrupoStatus,2,0),"Outros")) | N36: =IF(O36="","",IF(O36<=30,"0-30 dias",IF(O36<=60,"31-60 dias",IF(O36<=90,"61-90 dias","Mais de 90 dias")))) | O36: =IF(OR(M36="Pendente",M36="Em andamento"),IF(J36="","",TODAY()-J36),"") | P36: 11099 | Q36: Refrigel Serviços (11099) | R36: PC-0016 | S36: Filtro secador modelo 02 | T36: 1 | U36: 115 | V36: =IF(J36="","",MONTH(J36)) | W36: =IF(J36="","",YEAR(J36)) | X36: LogExpress | Y36: =IFERROR(INDEX(Rastreio!$H$2:$H$200,MATCH(X36&"|"&U36,Rastreio!$A$2:$A$200,0)),"")
A37: =IFERROR(INDEX(STAs!$G$2:$G$61,MATCH(P37,STAs!$F$2:$F$61,0))&"","") | B37: 20014963 | C37: Não | D37: SP | E37: SUDESTE SP | F37: Cliente B - Chopeira | G37: Refrigeradores | H37: 325 | I37: =IFERROR(T37*H37,0) | J37: 45907 | K37: 45945 | L37: Ok. Devolvida | M37: =IF(L37="","",IFERROR(VLOOKUP(L37,mapGrupoStatus,2,0),"Outros")) | N37: =IF(O37="","",IF(O37<=30,"0-30 dias",IF(O37<=60,"31-60 dias",IF(O37<=90,"61-90 dias","Mais de 90 dias")))) | O37: =IF(OR(M37="Pendente",M37="Em andamento"),IF(J37="","",TODAY()-J37),"") | P37: 12052 | Q37: Brisa Refrigeração (12052) | R37: PC-0001 | S37: Compressor modelo 01 | T37: 1 | U37: 126 | V37: =IF(J37="","",MONTH(J37)) | W37: =IF(J37="","",YEAR(J37)) | X37: LogExpress | Y37: =IFERROR(INDEX(Rastreio!$H$2:$H$200,MATCH(X37&"|"&U37,Rastreio!$A$2:$A$200,0)),"")
A38: =IFERROR(INDEX(STAs!$G$2:$G$61,MATCH(P38,STAs!$F$2:$F$61,0))&"","") | B38: 20030546 | C38: Não | D38: SP | E38: SUDESTE SP | F38: Cliente C - Misturador | G38: Refrigeradores | H38: 30 | I38: =IFERROR(T38*H38,0) | J38: 45907 | L38: Em transporte | M38: =IF(L38="","",IFERROR(VLOOKUP(L38,mapGrupoStatus,2,0),"Outros")) | N38: =IF(O38="","",IF(O38<=30,"0-30 dias",IF(O38<=60,"31-60 dias",IF(O38<=90,"61-90 dias","Mais de 90 dias")))) | O38: =IF(OR(M38="Pendente",M38="Em andamento"),IF(J38="","",TODAY()-J38),"") | P38: 12901 | Q38: Frio Serviços (12901) | R38: PC-0017 | S38: Filtro secador modelo 03 | T38: 1 | U38: 158 | V38: =IF(J38="","",MONTH(J38)) | W38: =IF(J38="","",YEAR(J38)) | X38: LogExpress | Y38: =IFERROR(INDEX(Rastreio!$H$2:$H$200,MATCH(X38&"|"&U38,Rastreio!$A$2:$A$200,0)),"")
A39: =IFERROR(INDEX(STAs!$G$2:$G$61,MATCH(P39,STAs!$F$2:$F$61,0))&"","") | B39: 20031202 | C39: Não | D39: MG | E39: SUDESTE MG | F39: Cliente C - Misturador | G39: Refrigeradores | H39: 55 | I39: =IFERROR(T39*H39,0) | J39: 45907 | K39: 45920 | L39: Ok. Devolvida | M39: =IF(L39="","",IFERROR(VLOOKUP(L39,mapGrupoStatus,2,0),"Outros")) | N39: =IF(O39="","",IF(O39<=30,"0-30 dias",IF(O39<=60,"31-60 dias",IF(O39<=90,"61-90 dias","Mais de 90 dias")))) | O39: =IF(OR(M39="Pendente",M39="Em andamento"),IF(J39="","",TODAY()-J39),"") | P39: 12158 | Q39: Gelo Serviços (12158) | R39: PC-0007 | S39: Ventilador modelo 01 | T39: 1 | U39: 154 | V39: =IF(J39="","",MONTH(J39)) | W39: =IF(J39="","",YEAR(J39)) | X39: CargoMax | Y39: =IFERROR(INDEX(Rastreio!$H$2:$H$200,MATCH(X39&"|"&U39,Rastreio!$A$2:$A$200,0)),"")
A40: =IFERROR(INDEX(STAs!$G$2:$G$61,MATCH(P40,STAs!$F$2:$F$61,0))&"","") | B40: 20036145 | C40: Não | D40: MG | E40: SUDESTE MG | F40: Cliente C - Misturador | G40: Refrigeradores | H40: 40 | I40: =IFERROR(T40*H40,0) | J40: 45907 | L40: Aguardando Transporte | M40: =IF(L40="","",IFERROR(VLOOKUP(L40,mapGrupoStatus,2,0),"Outros")) | N40: =IF(O40="","",IF(O40<=30,"0-30 dias",IF(O40<=60,"31-60 dias",IF(O40<=90,"61-90 dias","Mais de 90 dias")))) | O40: =IF(OR(M40="Pendente",M40="Em andamento"),IF(J40="","",TODAY()-J40),"") | P40: 12689 | Q40: Norte Frio Manutenção (12689) | R40: PC-0005 | S40: Termostato modelo 02 | T40: 1 | U40: 156 | V40: =IF(J40="","",MONTH(J40)) | W40: =IF(J40="","",YEAR(J40)) | X40: ViaCargo | Y40: =IFERROR(INDEX(Rastreio!$H$2:$H$200,MATCH(X40&"|"&U40,Rastreio!$A$2:$A$200,0)),"")
A41: =IFERROR(INDEX(STAs!$G$2:$G$61,MATCH(P41,STAs!$F$2:$F$61,0))&"","") | B41: 20036389 | C41: Não | D41: AM | E41: NORTE | F41: Cliente B - Chopeira | G41: Misturadores | H41: 60 | I41: =IFERROR(T41*H41,0) | J41: 45907 | L41: Não Devolve-Norte | M41: =IF(L41="","",IFERROR(VLOOKUP(L41,mapGrupoStatus,2,0),"Outros")) | N41: =IF(O41="","",IF(O41<=30,"0-30 dias",IF(O41<=60,"31-60 dias",IF(O41<=90,"61-90 dias","Mais de 90 dias")))) | O41: =IF(OR(M41="Pendente",M41="Em andamento"),IF(J41="","",TODAY()-J41),"") | P41: 12269 | Q41: Polar Técnica (12269) | R41: PC-0046 | S41: Sensor de nível modelo 02 | T41: 1 | V41: =IF(J41="","",MONTH(J41)) | W41: =IF(J41="","",YEAR(J41)) | Y41: =IFERROR(INDEX(Rastreio!$H$2:$H$200,MATCH(X41&"|"&U41,Rastreio!$A$2:$A$200,0)),"")
A42: =IFERROR(INDEX(STAs!$G$2:$G$61,MATCH(P42,STAs!$F$2:$F$61,0))&"","") | B42: 20001612 | C42: Não | D42: MG | E42: SUDESTE MG | F42: Cliente A - Refrigerador | G42: Refrigeradores | H42: 315 | I42: =IFERROR(T42*H42,0) | J42: 45908 | K42: 45963 | L42: Ok. Devolvida | M42: =IF(L42="","",IFERROR(VLOOKUP(L42,mapGrupoStatus,2,0),"Outros")) | N42: =IF(O42="","",IF(O42<=30,"0-30 dias",IF(O42<=60,"31-60 dias",IF(O42<=90,"61-90 dias","Mais de 90 dias")))) | O42: =IF(OR(M42="Pendente",M42="Em andamento"),IF(J42="","",TODAY()-J42),"") | P42: 12689 | Q42: Norte Frio Manutenção (12689) | R42: PC-0002 | S42: Compressor modelo 02 | T42: 1 | U42: 101 | V42: =IF(J42="","",MONTH(J42)) | W42: =IF(J42="","",YEAR(J42)) | X42: TransNorte | Y42: =IFERROR(INDEX(Rastreio!$H$2:$H$200,MATCH(X42&"|"&U42,Rastreio!$A$2:$A$200,0)),"")
A43: =IFERROR(INDEX(STAs!$G$2:$G$61,MATCH(P43,STAs!$F$2:$F$61,0))&"","") | B43: 20037371 | C43: Sim | D43: PR | E43: SUL | F43: Cliente C - Misturador | G43: Chopeiras | H43: 205 | I43: =IFERROR(T43*H43,0) | J43: 45908 | K43: 45959 | L43: Ok. Devolvida | M43: =IF(L43="","",IFERROR(VLOOKUP(L43,mapGrupoStatus,2,0),"Outros")) | N43: =IF(O43="","",IF(O43<=30,"0-30 dias",IF(O43<=60,"31-60 dias",IF(O43<=90,"61-90 dias","Mais de 90 dias")))) | O43: =IF(OR(M43="Pendente",M43="Em andamento"),IF(J43="","",TODAY()-J43),"") | P43: 12724 | Q43: Cool Service & Cia (12724) | R43: PC-0031 | S43: Serpentina modelo 03 | T43: 1 | U43: 165 | V43: =IF(J43="","",MONTH(J43)) | W43: =IF(J43="","",YEAR(J43)) | X43: TransNorte | Y43: =IFERROR(INDEX(Rastreio!$H$2:$H$200,MATCH(X43&"|"&U43,Rastreio!$A$2:$A$200,0)),"")
A44: =IFERROR(INDEX(STAs!$G$2:$G$61,MATCH(P44,STAs!$F$2:$F$61,0))&"","") | B44: 20041002 | C44: Sim | D44: PR | E44: SUL | F44: Cliente B - Chopeira | G44: Refrigeradores | H44: 175 | I44: =IFERROR(T44*H44,0) | J44: 45908 | K44: 45961 | L44: Ok. Devolvida | M44: =IF(L44="","",IFERROR(VLOOKUP(L44,mapGrupoStatus,2,0),"Outros")) | N44: =IF(O44="","",IF(O44<=30,"0-30 dias",IF(O44<=60,"31-60 dias",IF(O44<=90,"61-90 dias","Mais de 90 dias")))) | O44: =IF(OR(M44="Pendente",M44="Em andamento"),IF(J44="","",TODAY()-J44),"") | P44: 10913 | Q44: Ice Tech & Cia (10913) | R44: PC-0012 | S44: Placa eletrônica modelo 02 | T44: 1 | U44: 171 | V44: =IF(J44="","",MONTH(J44)) | W44: =IF(J44="","",YEAR(J44)) | X44: CargoMax | Y44: =IFERROR(INDEX(Rastreio!$H$2:$H$200,MATCH(X44&"|"&U44,Rastreio!$A$2:$A$200,0)),"")
A45: =IFERROR(INDEX(STAs!$G$2:$G$61,MATCH(P45,STAs!$F$2:$F$61,0))&"","") | B45: 20006330 | C45: Não | D45: SP | E45: SUDESTE SP | F45: Cliente A - Refrigerador | G45: Refrigeradores | H45: 55 | I45: =IFERROR(T45*H45,0) | J45: 45909 | K45: 45968 | L45: Ok. Devolvida | M45: =IF(L45="","",IFERROR(VLOOKUP(L45,mapGrupoStatus,2,0),"Outros")) | N45: =IF(O45="","",IF(O45<=30,"0-30 dias",IF(O45<=60,"31-60 dias",IF(O45<=90,"61-90 dias","Mais de 90 dias")))) | O45: =IF(OR(M45="Pendente",M45="Em andamento"),IF(J45="","",TODAY()-J45),"") | P45: 10111 | Q45: Refrigel Manutenção (10111) | R45: PC-0007 | S45: Ventilador modelo 01 | T45: 3 | U45: 110 | V45: =IF(J45="","",MONTH(J45)) | W45: =IF(J45="","",YEAR(J45)) | X45: TransNorte | Y45: =IFERROR(INDEX(Rastreio!$H$2:$H$200,MATCH(X45&"|"&U45,Rastreio!$A$2:$A$200,0)),"")
A46: =IFERROR(INDEX(STAs!$G$2:$G$61,MATCH(P46,STAs!$F$2:$F$61,0))&"","") | B46: 20028848 | C46: Não | D46: SC | E46: SUL | F46: Cliente A - Refrigerador | G46: Refrigeradores | H46: 30 | I46: =IFERROR(T46*H46,0) | J46: 45909 | L46: Em andamento | M46: =IF(L46="","",IFERROR(VLOOKUP(L46,mapGrupoStatus,2,0),"Outros")) | N46: =IF(O46="","",IF(O46<=30,"0-30 dias",IF(O46<=60,"31-60 dias",IF(O46<=90,"61-90 dias","Mais de 90 dias")))) | O46: =IF(OR(M46="Pendente",M46="Em andamento"),IF(J46="","",TODAY()-J46),"") | P46: 12138 | Q46: Refrigeração Serviços (12138) | R46: PC-0017 | S46: Filtro secador modelo 03 | T46: 1 | U46: 144 | V46: =IF(J46="","",MONTH(J46)) | W46: =IF(J46="","",YEAR(J46)) | X46: ViaCargo | Y46: =IFERROR(INDEX(Rastreio!$H$2:$H$200,MATCH(X46&"|"&U46,Rastreio!$A$2:$A$200,0)),"")
A47: =IFERROR(INDEX(STAs!$G$2:$G$61,MATCH(P47,STAs!$F$2:$F$61,0))&"","") | B47: 20036538 | C47: Não | D47: SP | E47: SUDESTE SP | F47: Cliente A - Refrigerador | G47: Refrigeradores | H47: 190 | I47: =IFERROR(T47*H47,0) | J47: 45909 | K47: 45923 | L47: Ok. Devolvida | M47: =IF(L47="","",IFERROR(VLOOKUP(L47,mapGrupoStatus,2,0),"Outros")) | N47: =IF(O47="","",IF(O47<=30,"0-30 dias",IF(O47<=60,"31-60 dias",IF(O47<=90,"61-90 dias","Mais de 90 dias")))) | O47: =IF(OR(M47="Pendente",M47="Em andamento"),IF(J47="","",TODAY()-J47),"") | P47: 10538 | Q47: Frio Refrigeração (10538) | R47: PC-0014 | S47: Placa eletrônica modelo 04 | T47: 1 | U47: 156 | V47: =IF(J47="","",MONTH(J47)) | W47: =IF(J47="","",YEAR(J47)) | X47: ViaCargo | Y47: =IFERROR(INDEX(Rastreio!$H$2:$H$200,MATCH(X47&"|"&U47,Rastreio!$A$2:$A$200,0)),"")
A48: =IFERROR(INDEX(STAs!$G$2:$G$61,MATCH(P48,STAs!$F$2:$F$61,0))&"","") | B48: 20008697 | C48: Não | D48: PI | E48: NORDESTE | F48: Cliente A - Refrigerador | G48: Refrigeradores | H48: 190 | I48: =IFERROR(T48*H48,0) | J48: 45910 | K48: 45961 | L48: Ok. Devolvida | M48: =IF(L48="","",IFERROR(VLOOKUP(L48,mapGrupoStatus,2,0),"Outros")) | N48: =IF(O48="","",IF(O48<=30,"0-30 dias",IF(O48<=60,"31-60 dias",IF(O48<=90,"61-90 dias","Mais de 90 dias")))) | O48: =IF(OR(M48="Pendente",M48="Em andamento"),IF(J48="","",TODAY()-J48),"") | P48: 10562 | Q48: Clima & Cia (10562) | R48: PC-0011 | S48: Placa eletrônica modelo 01 | T48: 1 | U48: 113 | V48: =IF(J48="","",MONTH(J48)) | W48: =IF(J48="","",YEAR(J48)) | X48: TransNorte | Y48: =IFERROR(INDEX(Rastreio!$H$2:$H$200,MATCH(X48&"|"&U48,Rastreio!$A$2:$A$200,0)),"")
A49: =IFERROR(INDEX(STAs!$G$2:$G$61,MATCH(P49,STAs!$F$2:$F$61,0))&"","") | B49: 20010183 | C49: Não | D49: MT | E49: CENTRO OESTE | F49: Cliente C - Misturador | G49: Misturadores | H49: 50 | I49: =IFERROR(T49*H49,0) | J49: 45910 | L49: Aguardando devolução | M49: =IF(L49="","",IFERROR(VLOOKUP(L49,mapGrupoStatus,2,0),"Outros")) | N49: =IF(O49="","",IF(O49<=30,"0-30 dias",IF(O49<=60,"31-60 dias",IF(O49<=90,"61-90 dias","Mais de 90 dias")))) | O49: =IF(OR(M49="Pendente",M49="Em andamento"),IF(J49="","",TODAY()-J49),"") | P49: 10227 | Q49: Assistência Técnica ME (10227) | R49: PC-0047 | S49: Sensor de nível modelo 03 | T49: 1 | V49: =IF(J49="","",MONTH(J49)) | W49: =IF(J49="","",YEAR(J49)) | Y49: =IFERROR(INDEX(Rastreio!$H$2:$H$200,MATCH(X49&"|"&U49,Rastreio!$A$2:$A$200,0)),"")
A50: =IFERROR(INDEX(STAs!$G$2:$G$61,MATCH(P50,STAs!$F$2:$F$61,0))&"","") | B50: 20032696 | C50: Não | D50: SP | E50: SUDESTE SP | F50: Cliente A - Refrigerador | G50: Chopeiras | H50: 215 | I50: =IFERROR(T50*H50,0) | J50: 45910 | L50: Aguardando devolução | M50: =IF(L50="","",IFERROR(VLOOKUP(L50,mapGrupoStatus,2,0),"Outros")) | N50: =IF(O50="","",IF(O50<=30,"0-30 dias",IF(O50<=60,"31-60 dias",IF(O50<=90,"61-90 dias","Mais de 90 dias")))) | O50: =IF(OR(M50="Pendente",M50="Em andamento"),IF(J50="","",TODAY()-J50),"") | P50: 10413 | Q50: Polar Manutenção (10413) | R50: PC-0030 | S50: Serpentina modelo 02 | T50: 1 | V50: =IF(J50="","",MONTH(J50)) | W50: =IF(J50="","",YEAR(J50)) | Y50: =IFERROR(INDEX(Rastreio!$H$2:$H$200,MATCH(X50&"|"&U50,Rastreio!$A$2:$A$200,0)),"")
A51: =IFERROR(INDEX(STAs!$G$2:$G$61,MATCH(P51,STAs!$F$2:$F$61,0))&"","") | B51: 20037063 | C51: Não | D51: RJ | E51: SUDESTE RJ e ES | F51: Cliente C - Misturador | G51: Refrigeradores | H51: 30 | I51: =IFERROR(T51*H51,0) | J51: 45910 | K51: 45933 | L51: Ok. Devolvida | M51: =IF(L51="","",IFERROR(VLOOKUP(L51,mapGrupoStatus,2,0),"Outros")) | N51: =IF(O51="","",IF(O51<=30,"0-30 dias",IF(O51<=60,"31-60 dias",IF(O51<=90,"61-90 dias","Mais de 90 dias")))) | O51: =IF(OR(M51="Pendente",M51="Em andamento"),IF(J51="","",TODAY()-J51),"") | P51: 11059 | Q51: Frio Ltda (11059) | R51: PC-0025 | S51: Relé de partida modelo 03 | T51: 1 | U51: 170 | V51: =IF(J51="","",MONTH(J51)) | W51: =IF(J51="","",YEAR(J51)) | X51: RotaSul | Y51: =IFERROR(INDEX(Rastreio!$H$2:$H$200,MATCH(X51&"|"&U51,Rastreio!$A$2:$A$200,0)),"")
A52: =IFERROR(INDEX(STAs!$G$2:$G$61,MATCH(P52,STAs!$F$2:$F$61,0))&"","") | B52: 20001571 | C52: Sim | D52: CE | E52: NORDESTE | F52: Cliente C - Misturador | G52: Misturadores | H52: 40 | I52: =IFERROR(T52*H52,0) | J52: 45911 | K52: 45937 | L52: Ok. Devolvida | M52: =IF(L52="","",IFERROR(VLOOKUP(L52,mapGrupoStatus,2,0),"Outros")) | N52: =IF(O52="","",IF(O52<=30,"0-30 dias",IF(O52<=60,"31-60 dias",IF(O52<=90,"61-90 dias","Mais de 90 dias")))) | O52: =IF(OR(M52="Pendente",M52="Em andamento"),IF(J52="","",TODAY()-J52),"") | P52: 10615 | Q52: Brisa Técnica (10615) | R52: PC-0042 | S52: Bico dosador modelo 01 | T52: 1 | U52: 101 | V52: =IF(J52="","",MONTH(J52)) | W52: =IF(J52="","",YEAR(J52)) | X52: TransNorte | Y52: =IFERROR(INDEX(Rastreio!$H$2:$H$200,MATCH(X52&"|"&U52,Rastreio!$A$2:$A$200,0)),"")
A53: =IFERROR(INDEX(STAs!$G$2:$G$61,MATCH(P53,STAs!$F$2:$F$61,0))&"","") | B53: 20017880 | C53: Não | D53: SC | E53: SUL | F53: Cliente C - Misturador | G53: Refrigeradores | H53: 35 | I53: =IFERROR(T53*H53,0) | J53: 45911 | L53: Em andamento | M53: =IF(L53="","",IFERROR(VLOOKUP(L53,mapGrupoStatus,2,0),"Outros")) | N53: =IF(O53="","",IF(O53<=30,"0-30 dias",IF(O53<=60,"31-60 dias",IF(O53<=90,"61-90 dias","Mais de 90 dias")))) | O53: =IF(OR(M53="Pendente",M53="Em andamento"),IF(J53="","",TODAY()-J53),"") | P53: 12138 | Q53: Refrigeração Serviços (12138) | R53: PC-0024 | S53: Relé de partida modelo 02 | T53: 1 | U53: 134 | V53: =IF(J53="","",MONTH(J53)) | W53: =IF(J53="","",YEAR(J53)) | X53: CargoMax | Y53: =IFERROR(INDEX(Rastreio!$H$2:$H$200,MATCH(X53&"|"&U53,Rastreio!$A$2:$A$200,0)),"")
A54: =IFERROR(INDEX(STAs!$G$2:$G$61,MATCH(P54,STAs!$F$2:$F$61,0))&"","") | B54: 20028592 | C54: Não | D54: GO | E54: CENTRO OESTE | F54: Cliente B - Chopeira | G54: Chopeiras | H54: 215 | I54: =IFERROR(T54*H54,0) | J54: 45911 | K54: 45918 | L54: Ok. Devolvida | M54: =IF(L54="","",IFERROR(VLOOKUP(L54,mapGrupoStatus,2,0),"Outros")) | N54: =IF(O54="","",IF(O54<=30,"0-30 dias",IF(O54<=60,"31-60 dias",IF(O54<=90,"61-90 dias","Mais de 90 dias")))) | O54: =IF(OR(M54="Pendente",M54="Em andamento"),IF(J54="","",TODAY()-J54),"") | P54: 12007 | Q54: Refrigel Ltda (12007) | R54: PC-0030 | S54: Serpentina modelo 02 | T54: 1 | U54: 144 | V54: =IF(J54="","",MONTH(J54)) | W54: =IF(J54="","",YEAR(J54)) | X54: ViaCargo | Y54: =IFERROR(INDEX(Rastreio!$H$2:$H$200,MATCH(X54&"|"&U54,Rastreio!$A$2:$A$200,0)),"")
A55: =IFERROR(INDEX(STAs!$G$2:$G$61,MATCH(P55,STAs!$F$2:$F$61,0))&"","") | B55: 20007495 | C55: Não | D55: SP | E55: SUDESTE SP | F55: Cliente C - Misturador | G55: Refrigeradores | H55: 155 | I55: =IFERROR(T55*H55,0) | J55: 45912 | K55: 45962 | L55: Ok. Devolvida | M55: =IF(L55="","",IFERROR(VLOOKUP(L55,mapGrupoStatus,2,0),"Outros")) | N55: =IF(O55="","",IF(O55<=30,"0-30 dias",IF(O55<=60,"31-60 dias",IF(O55<=90,"61-90 dias","Mais de 90 dias")))) | O55: =IF(OR(M55="Pendente",M55="Em andamento"),IF(J55="","",TODAY()-J55),"") | P55: 12901 | Q55: Frio Serviços (12901) | R55: PC-0021 | S55: Controlador digital modelo 01 | T55: 2 | U55: 111 | V55: =IF(J55="","",MONTH(J55)) | W55: =IF(J55="","",YEAR(J55)) | X55: TransNorte | Y55: =IFERROR(INDEX(Rastreio!$H$2:$H$200,MATCH(X55&"|"&U55,Rastreio!$A$2:$A$200,0)),"")
A56: =IFERROR(INDEX(STAs!$G$2:$G$61,MATCH(P56,STAs!$F$2:$F$61,0))&"","") | B56: 20012417 | C56: Não | D56: RJ | E56: SUDESTE RJ e ES | F56: Cliente C - Misturador | G56: Refrigeradores | H56: 190 | I56: =IFERROR(T56*H56,0) | J56: 45912 | L56: Aguardando devolução | M56: =IF(L56="","",IFERROR(VLOOKUP(L56,mapGrupoStatus,2,0),"Outros")) | N56: =IF(O56="","",IF(O56<=30,"0-30 dias",IF(O56<=60,"31-60 dias",IF(O56<=90,"61-90 dias","Mais de 90 dias")))) | O56: =IF(OR(M56="Pendente",M56="Em andamento"),IF(J56="","",TODAY()-J56),"") | P56: 10676 | Q56: Clima Serviços (10676) | R56: PC-0014 | S56: Placa eletrônica modelo 04 | T56: 2 | V56: =IF(J56="","",MONTH(J56)) | W56: =IF(J56="","",YEAR(J56)) | Y56: =IFERROR(INDEX(Rastreio!$H$2:$H$200,MATCH(X56&"|"&U56,Rastreio!$A$2:$A$200,0)),"")
A57: =IFERROR(INDEX(STAs!$G$2:$G$61,MATCH(P57,STAs!$F$2:$F$61,0))&"","") | B57: 20023231 | C57: Não | D57: MG | E57: SUDESTE MG | F57: Cliente B - Chopeira | G57: Misturadores | H57: 35 | I57: =IFERROR(T57*H57,0) | J57: 45912 | K57: 45938 | L57: Ok. Devolvida | M57: =IF(L57="","",IFERROR(VLOOKUP(L57,mapGrupoStatus,2,0),"Outros")) | N57: =IF(O57="","",IF(O57<=30,"0-30 dias",IF(O57<=60,"31-60 dias",IF(O57<=90,"61-90 dias","Mais de 90 dias")))) | O57: =IF(OR(M57="Pendente",M57="Em andamento"),IF(J57="","",TODAY()-J57),"") | P57: 12470 | Q57: Cool Service Técnica (12470) | R57: PC-0043 | S57: Bico dosador modelo 02 | T57: 1 | U57: 138 | V57: =IF(J57="","",MONTH(J57)) | W57: =IF(J57="","",YEAR(J57)) | X57: RotaSul | Y57: =IFERROR(INDEX(Rastreio!$H$2:$H$200,MATCH(X57&"|"&U57,Rastreio!$A$2:$A$200,0)),"")
A58: =IFERROR(INDEX(STAs!$G$2:$G$61,MATCH(P58,STAs!$F$2:$F$61,0))&"","") | B58: 20023397 | C58: Não | D58: RO | E58: NORTE | F58: Cliente C - Misturador | G58: Chopeiras | H58: 115 | I58: =IFERROR(T58*H58,0) | J58: 45912 | L58: Em transporte | M58: =IF(L58="","",IFERROR(VLOOKUP(L58,mapGrupoStatus,2,0),"Outros")) | N58: =IF(O58="","",IF(O58<=30,"0-30 dias",IF(O58<=60,"31-60 dias",IF(O58<=90,"61-90 dias","Mais de 90 dias")))) | O58: =IF(OR(M58="Pendente",M58="Em andamento"),IF(J58="","",TODAY()-J58),"") | P58: 12019 | Q58: Ártico Serviços (12019) | R58: PC-0033 | S58: Regulador de pressão modelo 02 | T58: 1 | U58: 139 | V58: =IF(J58="","",MONTH(J58)) | W58: =IF(J58="","",YEAR(J58)) | X58: RotaSul | Y58: =IFERROR(INDEX(Rastreio!$H$2:$H$200,MATCH(X58&"|"&U58,Rastreio!$A$2:$A$200,0)),"")
A59: =IFERROR(INDEX(STAs!$G$2:$G$61,MATCH(P59,STAs!$F$2:$F$61,0))&"","") | B59: 20038875 | C59: Não | D59: PR | E59: SUL | F59: Cliente B - Chopeira | G59: Refrigeradores | H59: 40 | I59: =IFERROR(T59*H59,0) | J59: 45912 | K59: 45939 | L59: Ok. Devolvida | M59: =IF(L59="","",IFERROR(VLOOKUP(L59,mapGrupoStatus,2,0),"Outros")) | N59: =IF(O59="","",IF(O59<=30,"0-30 dias",IF(O59<=60,"31-60 dias",IF(O59<=90,"61-90 dias","Mais de 90 dias")))) | O59: =IF(OR(M59="Pendente",M59="Em andamento"),IF(J59="","",TODAY()-J59),"") | P59: 12089 | Q59: Termotec Serviços (12089) | R59: PC-0005 | S59: Termostato modelo 02 | T59: 1 | U59: 158 | V59: =IF(J59="","",MONTH(J59)) | W59: =IF(J59="","",YEAR(J59)) | X59: ViaCargo | Y59: =IFERROR(INDEX(Rastreio!$H$2:$H$200,MATCH(X59&"|"&U59,Rastreio!$A$2:$A$200,0)),"")
A60: =IFERROR(INDEX(STAs!$G$2:$G$61,MATCH(P60,STAs!$F$2:$F$61,0))&"","") | B60: 20039621 | C60: Não | D60: AP | E60: NORTE | F60: Cliente C - Misturador | G60: Refrigeradores | H60: 35 | I60: =IFERROR(T60*H60,0) | J60: 45912 | L60: Não Devolve-Norte | M60: =IF(L60="","",IFERROR(VLOOKUP(L60,mapGrupoStatus,2,0),"Outros")) | N60: =IF(O60="","",IF(O60<=30,"0-30 dias",IF(O60<=60,"31-60 dias",IF(O60<=90,"61-90 dias","Mais de 90 dias")))) | O60: =IF(OR(M60="Pendente",M60="Em andamento"),IF(J60="","",TODAY()-J60),"") | P60: 11859 | Q60: Ice Tech Serviços (11859) | R60: PC-0016 | S60: Filtro secador modelo 02 | T60: 1 | V60: =IF(J60="","",MONTH(J60)) | W60: =IF(J60="","",YEAR(J60)) | Y60: =IFERROR(INDEX(Rastreio!$H$2:$H$200,MATCH(X60&"|"&U60,Rastreio!$A$2:$A$200,0)),"")
A61: =IFERROR(INDEX(STAs!$G$2:$G$61,MATCH(P61,STAs!$F$2:$F$61,0))&"","") | B61: 20009770 | C61: Não | D61: SP | E61: SUDESTE SP | F61: Cliente B - Chopeira | G61: Misturadores | H61: 50 | I61: =IFERROR(T61*H61,0) | J61: 45913 | L61: Debitar do STA | M61: =IF(L61="","",IFERROR(VLOOKUP(L61,mapGrupoStatus,2,0),"Outros")) | N61: =IF(O61="","",IF(O61<=30,"0-30 dias",IF(O61<=60,"31-60 dias",IF(O61<=90,"61-90 dias","Mais de 90 dias")))) | O61: =IF(OR(M61="Pendente",M61="Em andamento"),IF(J61="","",TODAY()-J61),"") | P61: 11710 | Q61: Brisa & Cia (11710) | R61: PC-0047 | S61: Sensor de nível modelo 03 | T61: 1 | V61: =IF(J61="","",MONTH(J61)) | W61: =IF(J61="","",YEAR(J61)) | Y61: =IFERROR(INDEX(Rastreio!$H$2:$H$200,MATCH(X61&"|"&U61,Rastreio!$A$2:$A$200,0)),"")
A62: =IFERROR(INDEX(STAs!$G$2:$G$61,MATCH(P62,STAs!$F$2:$F$61,0))&"","") | B62: 20009861 | C62: Não | D62: GO | E62: CENTRO OESTE | F62: Cliente A - Refrigerador | G62: Refrigeradores | H62: 40 | I62: =IFERROR(T62*H62,0) | J62: 45913 | K62: 45939 | L62: Ok. Devolvida | M62: =IF(L62="","",IFERROR(VLOOKUP(L62,mapGrupoStatus,2,0),"Outros")) | N62: =IF(O62="","",IF(O62<=30,"0-30 dias",IF(O62<=60,"31-60 dias",IF(O62<=90,"61-90 dias","Mais de 90 dias")))) | O62: =IF(OR(M62="Pendente",M62="Em andamento"),IF(J62="","",TODAY()-J62),"") | P62: 12007 | Q62: Refrigel Ltda (12007) | R62: PC-0005 | S62: Termostato modelo 02 | T62: 1 | U62: 120 | V62: =IF(J62="","",MONTH(J62)) | W62: =IF(J62="","",YEAR(J62)) | X62: LogExpress | Y62: =IFERROR(INDEX(Rastreio!$H$2:$H$200,MATCH(X62&"|"&U62,Rastreio!$A$2:$A$200,0)),"")
A63: =IFERROR(INDEX(STAs!$G$2:$G$61,MATCH(P63,STAs!$F$2:$F$61,0))&"","") | B63: 20016293 | C63: Não | D63: SP | E63: SUDESTE SP | F63: Cliente B - Chopeira | G63: Refrigeradores | H63: 35 | I63: =IFERROR(T63*H63,0) | J63: 45913 | K63: 45949 | L63: Ok. Devolvida | M63: =IF(L63="","",IFERROR(VLOOKUP(L63,mapGrupoStatus,2,0),"Outros")) | N63: =IF(O63="","",IF(O63<=30,"0-30 dias",IF(O63<=60,"31-60 dias",IF(O63<=90,"61-90 dias","Mais de 90 dias")))) | O63: =IF(OR(M63="Pendente",M63="Em andamento"),IF(J63="","",TODAY()-J63),"") | P63: 11710 | Q63: Brisa & Cia (11710) | R63: PC-0020 | S63: Gaxeta da porta modelo 03 | T63: 1 | U63: 125 | V63: =IF(J63="","",MONTH(J63)) | W63: =IF(J63="","",YEAR(J63)) | X63: TransNorte | Y63: =IFERROR(INDEX(Rastreio!$H$2:$H$200,MATCH(X63&"|"&U63,Rastreio!$A$2:$A$200,0)),"")
A64: =IFERROR(INDEX(STAs!$G$2:$G$61,MATCH(P64,STAs!$F$2:$F$61,0))&"","") | B64: 20027695 | C64: Sim | D64: CE | E64: NORDESTE | F64: Cliente B - Chopeira | G64: Refrigeradores | H64: 55 | I64: =IFERROR(T64*H64,0) | J64: 45913 | L64: Aguardando devolução | M64: =IF(L64="","",IFERROR(VLOOKUP(L64,mapGrupoStatus,2,0),"Outros")) | N64: =IF(O64="","",IF(O64<=30,"0-30 dias",IF(O64<=60,"31-60 dias",IF(O64<=90,"61-90 dias","Mais de 90 dias")))) | O64: =IF(OR(M64="Pendente",M64="Em andamento"),IF(J64="","",TODAY()-J64),"") | P64: 10615 | Q64: Brisa Técnica (10615) | R64: PC-0007 | S64: Ventilador modelo 01 | T64: 1 | V64: =IF(J64="","",MONTH(J64)) | W64: =IF(J64="","",YEAR(J64)) | Y64: =IFERROR(INDEX(Rastreio!$H$2:$H$200,MATCH(X64&"|"&U64,Rastreio!$A$2:$A$200,0)),"")
A65: =IFERROR(INDEX(STAs!$G$2:$G$61,MATCH(P65,STAs!$F$2:$F$61,0))&"","") | B65: 20030456 | C65: Não | D65: GO | E65: CENTRO OESTE | F65: Cliente B - Chopeira | G65: Refrigeradores | H65: 35 | I65: =IFERROR(T65*H65,0) | J65: 45913 | L65: Aguardando devolução | M65: =IF(L65="","",IFERROR(VLOOKUP(L65,mapGrupoStatus,2,0),"Outros")) | N65: =IF(O65="","",IF(O65<=30,"0-30 dias",IF(O65<=60,"31-60 dias",IF(O65<=90,"61-90 dias","Mais de 90 dias")))) | O65: =IF(OR(M65="Pendente",M65="Em andamento"),IF(J65="","",TODAY()-J65),"") | P65: 12007 | Q65: Refrigel Ltda (12007) | R65: PC-0023 | S65: Relé de partida modelo 01 | T65: 1 | V65: =IF(J65="","",MONTH(J65)) | W65: =IF(J65="","",YEAR(J65)) | Y65: =IFERROR(INDEX(Rastreio!$H$2:$H$200,MATCH(X65&"|"&U65,Rastreio!$A$2:$A$200,0)),"")
A66: =IFERROR(INDEX(STAs!$G$2:$G$61,MATCH(P66,STAs!$F$2:$F$61,0))&"","") | B66: 20036839 | C66: Sim | D66: CE | E66: NORDESTE | F66: Cliente B - Chopeira | G66: Refrigeradores | H66: 65 | I66: =IFERROR(T66*H66,0) | J66: 45913 | K66: 45959 | L66: Ok. Devolvida | M66: =IF(L66="","",IFERROR(VLOOKUP(L66,mapGrupoStatus,2,0),"Outros")) | N66: =IF(O66="","",IF(O66<=30,"0-30 dias",IF(O66<=60,"31-60 dias",IF(O66<=90,"61-90 dias","Mais de 90 dias")))) | O66: =IF(OR(M66="Pendente",M66="Em andamento"),IF(J66="","",TODAY()-J66),"") | P66: 10615 | Q66: Brisa Técnica (10615) | R66: PC-0010 | S66: Ventilador modelo 04 | T66: 1 | U66: 168 | V66: =IF(J66="","",MONTH(J66)) | W66: =IF(J66="","",YEAR(J66)) | X66: RotaSul | Y66: =IFERROR(INDEX(Rastreio!$H$2:$H$200,MATCH(X66&"|"&U66,Rastreio!$A$2:$A$200,0)),"")
A67: =IFERROR(INDEX(STAs!$G$2:$G$61,MATCH(P67,STAs!$F$2:$F$61,0))&"","") | B67: 20039369 | C67: Não | D67: MS | E67: CENTRO OESTE | F67: Cliente B - Chopeira | G67: Refrigeradores | H67: 45 | I67: =IFERROR(T67*H67,0) | J67: 45913 | K67: 45958 | L67: Ok. Devolvida | M67: =IF(L67="","",IFERROR(VLOOKUP(L67,mapGrupoStatus,2,0),"Outros")) | N67: =IF(O67="","",IF(O67<=30,"0-30 dias",IF(O67<=60,"31-60 dias",IF(O67<=90,"61-90 dias","Mais de 90 dias")))) | O67: =IF(OR(M67="Pendente",M67="Em andamento"),IF(J67="","",TODAY()-J67),"") | P67: 11726 | Q67: Norte Frio Refrigeração (11726) | R67: PC-0018 | S67: Gaxeta da porta modelo 01 | T67: 1 | U67: 168 | V67: =IF(J67="","",MONTH(J67)) | W67: =IF(J67="","",YEAR(J67)) | X67: CargoMax | Y67: =IFERROR(INDEX(Rastreio!$H$2:$H$200,MATCH(X67&"|"&U67,Rastreio!$A$2:$A$200,0)),"")
A68: =IFERROR(INDEX(STAs!$G$2:$G$61,MATCH(P68,STAs!$F$2:$F$61,0))&"","") | B68: 20005596 | C68: Não | D68: SP | E68: SUDESTE SP | F68: Cliente B - Chopeira | G68: Refrigeradores | H68: 175 | I68: =IFERROR(T68*H68,0) | J68: 45914 | L68: Debitar do STA | M68: =IF(L68="","",IFERROR(VLOOKUP(L68,mapGrupoStatus,2,0),"Outros")) | N68: =IF(O68="","",IF(O68<=30,"0-30 dias",IF(O68<=60,"31-60 dias",IF(O68<=90,"61-90 dias","Mais de 90 dias")))) | O68: =IF(OR(M68="Pendente",M68="Em andamento"),IF(J68="","",TODAY()-J68),"") | P68: 11710 | Q68: Brisa & Cia (11710) | R68: PC-0012 | S68: Placa eletrônica modelo 02 | T68: 2 | V68: =IF(J68="","",MONTH(J68)) | W68: =IF(J68="","",YEAR(J68)) | Y68: =IFERROR(INDEX(Rastreio!$H$2:$H$200,MATCH(X68&"|"&U68,Rastreio!$A$2:$A$200,0)),"")
A69: =IFERROR(INDEX(STAs!$G$2:$G$61,MATCH(P69,STAs!$F$2:$F$61,0))&"","") | B69: 20014685 | C69: Não | D69: RR | E69: NORTE | F69: Cliente C - Misturador | G69: Misturadores | H69: 60 | I69: =IFERROR(T69*H69,0) | J69: 45914 | L69: Não Devolve-Norte | M69: =IF(L69="","",IFERROR(VLOOKUP(L69,mapGrupoStatus,2,0),"Outros")) | N69: =IF(O69="","",IF(O69<=30,"0-30 dias",IF(O69<=60,"31-60 dias",IF(O69<=90,"61-90 dias","Mais de 90 dias")))) | O69: =IF(OR(M69="Pendente",M69="Em andamento"),IF(J69="","",TODAY()-J69),"") | P69: 12422 | Q69: Assistência Técnica Refrigeração (12422) | R69: PC-0048 | S69: Sensor de nível modelo 04 | T69: 1 | V69: =IF(J69="","",MONTH(J69)) | W69: =IF(J69="","",YEAR(J69)) | Y69: =IFERROR(INDEX(Rastreio!$H$2:$H$200,MATCH(X69&"|"&U69,Rastreio!$A$2:$A$200,0)),"")
A70: =IFERROR(INDEX(STAs!$G$2:$G$61,MATCH(P70,STAs!$F$2:$F$61,0))&"","") | B70: 20022852 | C70: Não | D70: PR | E70: SUL | F70: Cliente C - Misturador | G70: Chopeiras | H70: 85 | I70: =IFERROR(T70*H70,0) | J70: 45914 | L70: Em transporte | M70: =IF(L70="","",IFERROR(VLOOKUP(L70,mapGrupoStatus,2,0),"Outros")) | N70: =IF(O70="","",IF(O70<=30,"0-30 dias",IF(O70<=60,"31-60 dias",IF(O70<=90,"61-90 dias","Mais de 90 dias")))) | O70: =IF(OR(M70="Pendente",M70="Em andamento"),IF(J70="","",TODAY()-J70),"") | P70: 12089 | Q70: Termotec Serviços (12089) | R70: PC-0026 | S70: Torneira de chopp modelo 01 | T70: 1 | U70: 142 | V70: =IF(J70="","",MONTH(J70)) | W70: =IF(J70="","",YEAR(J70)) | X70: CargoMax | Y70: =IFERROR(INDEX(Rastreio!$H$2:$H$200,MATCH(X70&"|"&U70,Rastreio!$A$2:$A$200,0)),"")
A71: =IFERROR(INDEX(STAs!$G$2:$G$61,MATCH(P71,STAs!$F$2:$F$61,0))&"","") | B71: 20026021 | C71: Não | D71: SP | E71: SUDESTE SP | F71: Cliente C - Misturador | G71: Refrigeradores | H71: 330 | I71: =IFERROR(T71*H71,0) | J71: 45914 | K71: 45942 | L71: Ok. Devolvida | M71: =IF(L71="","",IFERROR(VLOOKUP(L71,mapGrupoStatus,2,0),"Outros")) | N71: =IF(O71="","",IF(O71<=30,"0-30 dias",IF(O71<=60,"31-60 dias",IF(O71<=90,"61-90 dias","Mais de 90 dias")))) | O71: =IF(OR(M71="Pendente",M71="Em andamento"),IF(J71="","",TODAY()-J71),"") | P71: 11365 | Q71: Ártico Express (11365) | R71: PC-0003 | S71: Compressor modelo 03 | T71: 1 | U71: 143 | V71: =IF(J71="","",MONTH(J71)) | W71: =IF(J71="","",YEAR(J71)) | X71: CargoMax | Y71: =IFERROR(INDEX(Rastreio!$H$2:$H$200,MATCH(X71&"|"&U71,Rastreio!$A$2:$A$200,0)),"")
A72: =IFERROR(INDEX(STAs!$G$2:$G$61,MATCH(P72,STAs!$F$2:$F$61,0))&"","") | B72: 20028945 | C72: Não | D72: PI | E72: NORDESTE | F72: Cliente C - Misturador | G72: Refrigeradores | H72: 65 | I72: =IFERROR(T72*H72,0) | J72: 45914 | K72: 45932 | L72: Ok. Devolvida | M72: =IF(L72="","",IFERROR(VLOOKUP(L72,mapGrupoStatus,2,0),"Outros")) | N72: =IF(O72="","",IF(O72<=30,"0-30 dias",IF(O72<=60,"31-60 dias",IF(O72<=90,"61-90 dias","Mais de 90 dias")))) | O72: =IF(OR(M72="Pendente",M72="Em andamento"),IF(J72="","",TODAY()-J72),"") | P72: 12936 | Q72: Frigo Técnica (12936) | R72: PC-0010 | S72: Ventilador modelo 04 | T72: 1 | U72: 145 | V72: =IF(J72="","",MONTH(J72)) | W72: =IF(J72="","",YEAR(J72)) | X72: ViaCargo | Y72: =IFERROR(INDEX(Rastreio!$H$2:$H$200,MATCH(X72&"|"&U72,Rastreio!$A$2:$A$200,0)),"")
A73: =IFERROR(INDEX(STAs!$G$2:$G$61,MATCH(P73,STAs!$F$2:$F$61,0))&"","") | B73: 20016818 | C73: Não | D73: ES | E73: SUDESTE RJ e ES | F73: Cliente C - Misturador | G73: Refrigeradores | H73: 175 | I73: =IFERROR(T73*H73,0) | J73: 45915 | L73: Aguardando Transporte | M73: =IF(L73="","",IFERROR(VLOOKUP(L73,mapGrupoStatus,2,0),"Outros")) | N73: =IF(O73="","",IF(O73<=30,"0-30 dias",IF(O73<=60,"31-60 dias",IF(O73<=90,"61-90 dias","Mais de 90 dias")))) | O73: =IF(OR(M73="Pendente",M73="Em andamento"),IF(J73="","",TODAY()-J73),"") | P73: 11099 | Q73: Refrigel Serviços (11099) | R73: PC-0012 | S73: Placa eletrônica modelo 02 | T73: 1 | U73: 131 | V73: =IF(J73="","",MONTH(J73)) | W73: =IF(J73="","",YEAR(J73)) | X73: LogExpress | Y73: =IFERROR(INDEX(Rastreio!$H$2:$H$200,MATCH(X73&"|"&U73,Rastreio!$A$2:$A$200,0)),"")
A74: =IFERROR(INDEX(STAs!$G$2:$G$61,MATCH(P74,STAs!$F$2:$F$61,0))&"","") | B74: 20020704 | C74: Não | D74: AC | E74: NORTE | F74: Cliente B - Chopeira | G74: Refrigeradores | H74: 40 | I74: =IFERROR(T74*H74,0) | J74: 45915 | K74: 45957 | L74: Ok. Devolvida | M74: =IF(L74="","",IFERROR(VLOOKUP(L74,mapGrupoStatus,2,0),"Outros")) | N74: =IF(O74="","",IF(O74<=30,"0-30 dias",IF(O74<=60,"31-60 dias",IF(O74<=90,"61-90 dias","Mais de 90 dias")))) | O74: =IF(OR(M74="Pendente",M74="Em andamento"),IF(J74="","",TODAY()-J74),"") | P74: 11022 | Q74: Brisa Ltda (11022) | R74: PC-0005 | S74: Termostato modelo 02 | T74: 1 | U74: 132 | V74: =IF(J74="","",MONTH(J74)) | W74: =IF(J74="","",YEAR(J74)) | X74: EntregaJá | Y74: =IFERROR(INDEX(Rastreio!$H$2:$H$200,MATCH(X74&"|"&U74,Rastreio!$A$2:$A$200,0)),"")
A75: =IFERROR(INDEX(STAs!$G$2:$G$61,MATCH(P75,STAs!$F$2:$F$61,0))&"","") | B75: 20026138 | C75: Não | D75: PA | E75: NORTE | F75: Cliente A - Refrigerador | G75: Misturadores | H75: 265 | I75: =IFERROR(T75*H75,0) | J75: 45915 | L75: Em transporte | M75: =IF(L75="","",IFERROR(VLOOKUP(L75,mapGrupoStatus,2,0),"Outros")) | N75: =IF(O75="","",IF(O75<=30,"0-30 dias",IF(O75<=60,"31-60 dias",IF(O75<=90,"61-90 dias","Mais de 90 dias")))) | O75: =IF(OR(M75="Pendente",M75="Em andamento"),IF(J75="","",TODAY()-J75),"") | P75: 11986 | Q75: Polar Serviços (11986) | R75: PC-0038 | S75: Bomba de recirculação modelo 02 | T75: 1 | U75: 147 | V75: =IF(J75="","",MONTH(J75)) | W75: =IF(J75="","",YEAR(J75)) | X75: LogExpress | Y75: =IFERROR(INDEX(Rastreio!$H$2:$H$200,MATCH(X75&"|"&U75,Rastreio!$A$2:$A$200,0)),"")
A76: =IFERROR(INDEX(STAs!$G$2:$G$61,MATCH(P76,STAs!$F$2:$F$61,0))&"","") | B76: 20032147 | C76: Não | D76: AM | E76: NORTE | F76: Cliente A - Refrigerador | G76: Misturadores | H76: 185 | I76: =IFERROR(T76*H76,0) | J76: 45915 | L76: Aguardando devolução | M76: =IF(L76="","",IFERROR(VLOOKUP(L76,mapGrupoStatus,2,0),"Outros")) | N76: =IF(O76="","",IF(O76<=30,"0-30 dias",IF(O76<=60,"31-60 dias",IF(O76<=90,"61-90 dias","Mais de 90 dias")))) | O76: =IF(OR(M76="Pendente",M76="Em andamento"),IF(J76="","",TODAY()-J76),"") | P76: 10842 | Q76: Frigo & Cia (10842) | R76: PC-0041 | S76: Motor agitador modelo 02 | T76: 1 | V76: =IF(J76="","",MONTH(J76)) | W76: =IF(J76="","",YEAR(J76)) | Y76: =IFERROR(INDEX(Rastreio!$H$2:$H$200,MATCH(X76&"|"&U76,Rastreio!$A$2:$A$200,0)),"")
A77: =IFERROR(INDEX(STAs!$G$2:$G$61,MATCH(P77,STAs!$F$2:$F$61,0))&"","") | B77: 20007333 | C77: Não | D77: RJ | E77: SUDESTE RJ e ES | F77: Cliente B - Chopeira | G77: Misturadores | H77: 255 | I77: =IFERROR(T77*H77,0) | J77: 45916 | L77: NF Vencida | M77: =IF(L77="","",IFERROR(VLOOKUP(L77,mapGrupoStatus,2,0),"Outros")) | N77: =IF(O77="","",IF(O77<=30,"0-30 dias",IF(O77<=60,"31-60 dias",IF(O77<=90,"61-90 dias","Mais de 90 dias")))) | O77: =IF(OR(M77="Pendente",M77="Em andamento"),IF(J77="","",TODAY()-J77),"") | P77: 11059 | Q77: Frio Ltda (11059) | R77: PC-0039 | S77: Bomba de recirculação modelo 03 | T77: 1 | V77: =IF(J77="","",MONTH(J77)) | W77: =IF(J77="","",YEAR(J77)) | Y77: =IFERROR(INDEX(Rastreio!$H$2:$H$200,MATCH(X77&"|"&U77,Rastreio!$A$2:$A$200,0)),"")
A78: =IFERROR(INDEX(STAs!$G$2:$G$61,MATCH(P78,STAs!$F$2:$F$61,0))&"","") | B78: 20019540 | C78: Sim | D78: GO | E78: CENTRO OESTE | F78: Cliente C - Misturador | G78: Misturadores | H78: 50 | I78: =IFERROR(T78*H78,0) | J78: 45916 | K78: 45970 | L78: Ok. Devolvida | M78: =IF(L78="","",IFERROR(VLOOKUP(L78,mapGrupoStatus,2,0),"Outros")) | N78: =IF(O78="","",IF(O78<=30,"0-30 dias",IF(O78<=60,"31-60 dias",IF(O78<=90,"61-90 dias","Mais de 90 dias")))) | O78: =IF(OR(M78="Pendente",M78="Em andamento"),IF(J78="","",TODAY()-J78),"") | P78: 11677 | Q78: Cool Service Manutenção (11677) | R78: PC-0044 | S78: Bico dosador modelo 03 | T78: 2 | U78: 133 | V78: =IF(J78="","",MONTH(J78)) | W78: =IF(J78="","",YEAR(J78)) | X78: LogExpress | Y78: =IFERROR(INDEX(Rastreio!$H$2:$H$200,MATCH(X78&"|"&U78,Rastreio!$A$2:$A$200,0)),"")
A79: =IFERROR(INDEX(STAs!$G$2:$G$61,MATCH(P79,STAs!$F$2:$F$61,0))&"","") | B79: 20026437 | C79: Sim | D79: GO | E79: CENTRO OESTE | F79: Cliente A - Refrigerador | G79: Refrigeradores | H79: 35 | I79: =IFERROR(T79*H79,0) | J79: 45916 | K79: 45972 | L79: Ok. Devolvida | M79: =IF(L79="","",IFERROR(VLOOKUP(L79,mapGrupoStatus,2,0),"Outros")) | N79: =IF(O79="","",IF(O79<=30,"0-30 dias",IF(O79<=60,"31-60 dias",IF(O79<=90,"61-90 dias","Mais de 90 dias")))) | O79: =IF(OR(M79="Pendente",M79="Em andamento"),IF(J79="","",TODAY()-J79),"") | P79: 11677 | Q79: Cool Service Manutenção (11677) | R79: PC-0023 | S79: Relé de partida modelo 01 | T79: 1 | U79: 143 | V79: =IF(J79="","",MONTH(J79)) | W79: =IF(J79="","",YEAR(J79)) | X79: ViaCargo | Y79: =IFERROR(INDEX(Rastreio!$H$2:$H$200,MATCH(X79&"|"&U79,Rastreio!$A$2:$A$200,0)),"")
A80: =IFERROR(INDEX(STAs!$G$2:$G$61,MATCH(P80,STAs!$F$2:$F$61,0))&"","") | B80: 20037398 | C80: Não | D80: PE | E80: NORDESTE | F80: Cliente A - Refrigerador | G80: Misturadores | H80: 50 | I80: =IFERROR(T80*H80,0) | J80: 45916 | K80: 45948 | L80: Ok. Devolvida | M80: =IF(L80="","",IFERROR(VLOOKUP(L80,mapGrupoStatus,2,0),"Outros")) | N80: =IF(O80="","",IF(O80<=30,"0-30 dias",IF(O80<=60,"31-60 dias",IF(O80<=90,"61-90 dias","Mais de 90 dias")))) | O80: =IF(OR(M80="Pendente",M80="Em andamento"),IF(J80="","",TODAY()-J80),"") | P80: 11352 | Q80: Frio Express (11352) | R80: PC-0044 | S80: Bico dosador modelo 03 | T80: 1 | U80: 171 | V80: =IF(J80="","",MONTH(J80)) | W80: =IF(J80="","",YEAR(J80)) | X80: RotaSul | Y80: =IFERROR(INDEX(Rastreio!$H$2:$H$200,MATCH(X80&"|"&U80,Rastreio!$A$2:$A$200,0)),"")
A81: =IFERROR(INDEX(STAs!$G$2:$G$61,MATCH(P81,STAs!$F$2:$F$61,0))&"","") | B81: 20040429 | C81: Não | D81: MG | E81: SUDESTE MG | F81: Cliente C - Misturador | G81: Misturadores | H81: 185 | I81: =IFERROR(T81*H81,0) | J81: 45916 | K81: 45945 | L81: Ok. Devolvida | M81: =IF(L81="","",IFERROR(VLOOKUP(L81,mapGrupoStatus,2,0),"Outros")) | N81: =IF(O81="","",IF(O81<=30,"0-30 dias",IF(O81<=60,"31-60 dias",IF(O81<=90,"61-90 dias","Mais de 90 dias")))) | O81: =IF(OR(M81="Pendente",M81="Em andamento"),IF(J81="","",TODAY()-J81),"") | P81: 11494 | Q81: Clima Técnica (11494) | R81: PC-0041 | S81: Motor agitador modelo 02 | T81: 1 | U81: 177 | V81: =IF(J81="","",MONTH(J81)) | W81: =IF(J81="","",YEAR(J81)) | X81: RotaSul | Y81: =IFERROR(INDEX(Rastreio!$H$2:$H$200,MATCH(X81&"|"&U81,Rastreio!$A$2:$A$200,0)),"")
A82: =IFERROR(INDEX(STAs!$G$2:$G$61,MATCH(P82,STAs!$F$2:$F$61,0))&"","") | B82: 20004454 | C82: Não | D82: RO | E82: NORTE | F82: Cliente A - Refrigerador | G82: Refrigeradores | H82: 40 | I82: =IFERROR(T82*H82,0) | J82: 45917 | L82: Não Devolve-Norte | M82: =IF(L82="","",IFERROR(VLOOKUP(L82,mapGrupoStatus,2,0),"Outros")) | N82: =IF(O82="","",IF(O82<=30,"0-30 dias",IF(O82<=60,"31-60 dias",IF(O82<=90,"61-90 dias","Mais de 90 dias")))) | O82: =IF(OR(M82="Pendente",M82="Em andamento"),IF(J82="","",TODAY()-J82),"") | P82: 10172 | Q82: Frigo Serviços (10172) | R82: PC-0005 | S82: Termostato modelo 02 | T82: 1 | V82: =IF(J82="","",MONTH(J82)) | W82: =IF(J82="","",YEAR(J82)) | Y82: =IFERROR(INDEX(Rastreio!$H$2:$H$200,MATCH(X82&"|"&U82,Rastreio!$A$2:$A$200,0)),"")
A83: =IFERROR(INDEX(STAs!$G$2:$G$61,MATCH(P83,STAs!$F$2:$F$61,0))&"","") | B83: 20004561 | C83: Sim | D83: PR | E83: SUL | F83: Cliente B - Chopeira | G83: Misturadores | H83: 50 | I83: =IFERROR(T83*H83,0) | J83: 45917 | L83: Aguardando devolução | M83: =IF(L83="","",IFERROR(VLOOKUP(L83,mapGrupoStatus,2,0),"Outros")) | N83: =IF(O83="","",IF(O83<=30,"0-30 dias",IF(O83<=60,"31-60 dias",IF(O83<=90,"61-90 dias","Mais de 90 dias")))) | O83: =IF(OR(M83="Pendente",M83="Em andamento"),IF(J83="","",TODAY()-J83),"") | P83: 12724 | Q83: Cool Service & Cia (12724) | R83: PC-0047 | S83: Sensor de nível modelo 03 | T83: 1 | V83: =IF(J83="","",MONTH(J83)) | W83: =IF(J83="","",YEAR(J83)) | Y83: =IFERROR(INDEX(Rastreio!$H$2:$H$200,MATCH(X83&"|"&U83,Rastreio!$A$2:$A$200,0)),"")
A84: =IFERROR(INDEX(STAs!$G$2:$G$61,MATCH(P84,STAs!$F$2:$F$61,0))&"","") | B84: 20006055 | C84: Não | D84: RJ | E84: SUDESTE RJ e ES | F84: Cliente B - Chopeira | G84: Refrigeradores | H84: 25 | I84: =IFERROR(T84*H84,0) | J84: 45917 | K84: 45956 | L84: Ok. Devolvida | M84: =IF(L84="","",IFERROR(VLOOKUP(L84,mapGrupoStatus,2,0),"Outros")) | N84: =IF(O84="","",IF(O84<=30,"0-30 dias",IF(O84<=60,"31-60 dias",IF(O84<=90,"61-90 dias","Mais de 90 dias")))) | O84: =IF(OR(M84="Pendente",M84="Em andamento"),IF(J84="","",TODAY()-J84),"") | P84: 12336 | Q84: Termotec ME (12336) | R84: PC-0015 | S84: Filtro secador modelo 01 | T84: 1 | U84: 115 | V84: =IF(J84="","",MONTH(J84)) | W84: =IF(J84="","",YEAR(J84)) | X84: ViaCargo | Y84: =IFERROR(INDEX(Rastreio!$H$2:$H$200,MATCH(X84&"|"&U84,Rastreio!$A$2:$A$200,0)),"")
A85: =IFERROR(INDEX(STAs!$G$2:$G$61,MATCH(P85,STAs!$F$2:$F$61,0))&"","") | B85: 20006140 | C85: Não | D85: AM | E85: NORTE | F85: Cliente A - Refrigerador | G85: Refrigeradores | H85: 35 | I85: =IFERROR(T85*H85,0) | J85: 45917 | L85: Não Devolve-Norte | M85: =IF(L85="","",IFERROR(VLOOKUP(L85,mapGrupoStatus,2,0),"Outros")) | N85: =IF(O85="","",IF(O85<=30,"0-30 dias",IF(O85<=60,"31-60 dias",IF(O85<=90,"61-90 dias","Mais de 90 dias")))) | O85: =IF(OR(M85="Pendente",M85="Em andamento"),IF(J85="","",TODAY()-J85),"") | P85: 12269 | Q85: Polar Técnica (12269) | R85: PC-0016 | S85: Filtro secador modelo 02 | T85: 1 | V85: =IF(J85="","",MONTH(J85)) | W85: =IF(J85="","",YEAR(J85)) | Y85: =IFERROR(INDEX(Rastreio!$H$2:$H$200,MATCH(X85&"|"&U85,Rastreio!$A$2:$A$200,0)),"")
A86: =IFERROR(INDEX(STAs!$G$2:$G$61,MATCH(P86,STAs!$F$2:$F$61,0))&"","") | B86: 20022962 | C86: Não | D86: RJ | E86: SUDESTE RJ e ES | F86: Cliente C - Misturador | G86: Misturadores | H86: 60 | I86: =IFERROR(T86*H86,0) | J86: 45917 | K86: 45972 | L86: Ok. Devolvida | M86: =IF(L86="","",IFERROR(VLOOKUP(L86,mapGrupoStatus,2,0),"Outros")) | N86: =IF(O86="","",IF(O86<=30,"0-30 dias",IF(O86<=60,"31-60 dias",IF(O86<=90,"61-90 dias","Mais de 90 dias")))) | O86: =IF(OR(M86="Pendente",M86="Em andamento"),IF(J86="","",TODAY()-J86),"") | P86: 12336 | Q86: Termotec ME (12336) | R86: PC-0046 | S86: Sensor de nível modelo 02 | T86: 3 | U86: 140 | V86: =IF(J86="","",MONTH(J86)) | W86: =IF(J86="","",YEAR(J86)) | X86: LogExpress | Y86: =IFERROR(INDEX(Rastreio!$H$2:$H$200,MATCH(X86&"|"&U86,Rastreio!$A$2:$A$200,0)),"")
A87: =IFERROR(INDEX(STAs!$G$2:$G$61,MATCH(P87,STAs!$F$2:$F$61,0))&"","") | B87: 20031951 | C87: Não | D87: MG | E87: SUDESTE MG | F87: Cliente B - Chopeira | G87: Refrigeradores | H87: 40 | I87: =IFERROR(T87*H87,0) | J87: 45917 | L87: Em andamento | M87: =IF(L87="","",IFERROR(VLOOKUP(L87,mapGrupoStatus,2,0),"Outros")) | N87: =IF(O87="","",IF(O87<=30,"0-30 dias",IF(O87<=60,"31-60 dias",IF(O87<=90,"61-90 dias","Mais de 90 dias")))) | O87: =IF(OR(M87="Pendente",M87="Em andamento"),IF(J87="","",TODAY()-J87),"") | P87: 12158 | Q87: Gelo Serviços (12158) | R87: PC-0005 | S87: Termostato modelo 02 | T87: 2 | U87: 155 | V87: =IF(J87="","",MONTH(J87)) | W87: =IF(J87="","",YEAR(J87)) | X87: RotaSul | Y87: =IFERROR(INDEX(Rastreio!$H$2:$H$200,MATCH(X87&"|"&U87,Rastreio!$A$2:$A$200,0)),"")
A88: =IFERROR(INDEX(STAs!$G$2:$G$61,MATCH(P88,STAs!$F$2:$F$61,0))&"","") | B88: 20014976 | C88: Não | D88: TO | E88: NORTE | F88: Cliente C - Misturador | G88: Refrigeradores | H88: 30 | I88: =IFERROR(T88*H88,0) | J88: 45918 | L88: Não Devolve-Norte | M88: =IF(L88="","",IFERROR(VLOOKUP(L88,mapGrupoStatus,2,0),"Outros")) | N88: =IF(O88="","",IF(O88<=30,"0-30 dias",IF(O88<=60,"31-60 dias",IF(O88<=90,"61-90 dias","Mais de 90 dias")))) | O88: =IF(OR(M88="Pendente",M88="Em andamento"),IF(J88="","",TODAY()-J88),"") | P88: 10939 | Q88: Zero Grau Manutenção (10939) | R88: PC-0017 | S88: Filtro secador modelo 03 | T88: 1 | V88: =IF(J88="","",MONTH(J88)) | W88: =IF(J88="","",YEAR(J88)) | Y88: =IFERROR(INDEX(Rastreio!$H$2:$H$200,MATCH(X88&"|"&U88,Rastreio!$A$2:$A$200,0)),"")
A89: =IFERROR(INDEX(STAs!$G$2:$G$61,MATCH(P89,STAs!$F$2:$F$61,0))&"","") | B89: 20020770 | C89: Não | D89: AC | E89: NORTE | F89: Cliente A - Refrigerador | G89: Refrigeradores | H89: 50 | I89: =IFERROR(T89*H89,0) | J89: 45918 | K89: 45967 | L89: Ok. Devolvida | M89: =IF(L89="","",IFERROR(VLOOKUP(L89,mapGrupoStatus,2,0),"Outros")) | N89: =IF(O89="","",IF(O89<=30,"0-30 dias",IF(O89<=60,"31-60 dias",IF(O89<=90,"61-90 dias","Mais de 90 dias")))) | O89: =IF(OR(M89="Pendente",M89="Em andamento"),IF(J89="","",TODAY()-J89),"") | P89: 10372 | Q89: Zero Grau ME (10372) | R89: PC-0006 | S89: Termostato modelo 03 | T89: 2 | U89: 135 | V89: =IF(J89="","",MONTH(J89)) | W89: =IF(J89="","",YEAR(J89)) | X89: LogExpress | Y89: =IFERROR(INDEX(Rastreio!$H$2:$H$200,MATCH(X89&"|"&U89,Rastreio!$A$2:$A$200,0)),"")
A90: =IFERROR(INDEX(STAs!$G$2:$G$61,MATCH(P90,STAs!$F$2:$F$61,0))&"","") | B90: 20033395 | C90: Não | D90: ES | E90: SUDESTE RJ e ES | F90: Cliente A - Refrigerador | G90: Refrigeradores | H90: 315 | I90: =IFERROR(T90*H90,0) | J90: 45918 | L90: Aguardando Transporte | M90: =IF(L90="","",IFERROR(VLOOKUP(L90,mapGrupoStatus,2,0),"Outros")) | N90: =IF(O90="","",IF(O90<=30,"0-30 dias",IF(O90<=60,"31-60 dias",IF(O90<=90,"61-90 dias","Mais de 90 dias")))) | O90: =IF(OR(M90="Pendente",M90="Em andamento"),IF(J90="","",TODAY()-J90),"") | P90: 11099 | Q90: Refrigel Serviços (11099) | R90: PC-0002 | S90: Compressor modelo 02 | T90: 1 | U90: 160 | V90: =IF(J90="","",MONTH(J90)) | W90: =IF(J90="","",YEAR(J90)) | X90: TransNorte | Y90: =IFERROR(INDEX(Rastreio!$H$2:$H$200,MATCH(X90&"|"&U90,Rastreio!$A$2:$A$200,0)),"")
A91: =IFERROR(INDEX(STAs!$G$2:$G$61,MATCH(P91,STAs!$F$2:$F$61,0))&"","") | B91: 20038019 | C91: Não | D91: GO | E91: CENTRO OESTE | F91: Cliente A - Refrigerador | G91: Chopeiras | H91: 100 | I91: =IFERROR(T91*H91,0) | J91: 45918 | K91: 45958 | L91: Ok. Devolvida | M91: =IF(L91="","",IFERROR(VLOOKUP(L91,mapGrupoStatus,2,0),"Outros")) | N91: =IF(O91="","",IF(O91<=30,"0-30 dias",IF(O91<=60,"31-60 dias",IF(O91<=90,"61-90 dias","Mais de 90 dias")))) | O91: =IF(OR(M91="Pendente",M91="Em andamento"),IF(J91="","",TODAY()-J91),"") | P91: 10317 | Q91: Termotec Manutenção (10317) | R91: PC-0027 | S91: Torneira de chopp modelo 02 | T91: 1 | U91: 156 | V91: =IF(J91="","",MONTH(J91)) | W91: =IF(J91="","",YEAR(J91)) | X91: EntregaJá | Y91: =IFERROR(INDEX(Rastreio!$H$2:$H$200,MATCH(X91&"|"&U91,Rastreio!$A$2:$A$200,0)),"")
A92: =IFERROR(INDEX(STAs!$G$2:$G$61,MATCH(P92,STAs!$F$2:$F$61,0))&"","") | B92: 20001109 | C92: Não | D92: AM | E92: NORTE | F92: Cliente C - Misturador | G92: Chopeiras | H92: 120 | I92: =IFERROR(T92*H92,0) | J92: 45919 | L92: Não Devolve-Norte | M92: =IF(L92="","",IFERROR(VLOOKUP(L92,mapGrupoStatus,2,0),"Outros")) | N92: =IF(O92="","",IF(O92<=30,"0-30 dias",IF(O92<=60,"31-60 dias",IF(O92<=90,"61-90 dias","Mais de 90 dias")))) | O92: =IF(OR(M92="Pendente",M92="Em andamento"),IF(J92="","",TODAY()-J92),"") | P92: 12269 | Q92: Polar Técnica (12269) | R92: PC-0032 | S92: Regulador de pressão modelo 01 | T92: 2 | V92: =IF(J92="","",MONTH(J92)) | W92: =IF(J92="","",YEAR(J92)) | Y92: =IFERROR(INDEX(Rastreio!$H$2:$H$200,MATCH(X92&"|"&U92,Rastreio!$A$2:$A$200,0)),"")
A93: =IFERROR(INDEX(STAs!$G$2:$G$61,MATCH(P93,STAs!$F$2:$F$61,0))&"","") | B93: 20015271 | C93: Não | D93: ES | E93: SUDESTE RJ e ES | F93: Cliente A - Refrigerador | G93: Chopeiras | H93: 210 | I93: =IFERROR(T93*H93,0) | J93: 45919 | K93: 45945 | L93: Ok. Devolvida | M93: =IF(L93="","",IFERROR(VLOOKUP(L93,mapGrupoStatus,2,0),"Outros")) | N93: =IF(O93="","",IF(O93<=30,"0-30 dias",IF(O93<=60,"31-60 dias",IF(O93<=90,"61-90 dias","Mais de 90 dias")))) | O93: =IF(OR(M93="Pendente",M93="Em andamento"),IF(J93="","",TODAY()-J93),"") | P93: 12555 | Q93: Cool Service Serviços (12555) | R93: PC-0029 | S93: Serpentina modelo 01 | T93: 1 | U93: 126 | V93: =IF(J93="","",MONTH(J93)) | W93: =IF(J93="","",YEAR(J93)) | X93: EntregaJá | Y93: =IFERROR(INDEX(Rastreio!$H$2:$H$200,MATCH(X93&"|"&U93,Rastreio!$A$2:$A$200,0)),"")
A94: =IFERROR(INDEX(STAs!$G$2:$G$61,MATCH(P94,STAs!$F$2:$F$61,0))&"","") | B94: 20015310 | C94: Não | D94: RR | E94: NORTE | F94: Cliente A - Refrigerador | G94: Refrigeradores | H94: 25 | I94: =IFERROR(T94*H94,0) | J94: 45919 | L94: Não Devolve-Norte | M94: =IF(L94="","",IFERROR(VLOOKUP(L94,mapGrupoStatus,2,0),"Outros")) | N94: =IF(O94="","",IF(O94<=30,"0-30 dias",IF(O94<=60,"31-60 dias",IF(O94<=90,"61-90 dias","Mais de 90 dias")))) | O94: =IF(OR(M94="Pendente",M94="Em andamento"),IF(J94="","",TODAY()-J94),"") | P94: 11818 | Q94: Termotec Ltda (11818) | R94: PC-0015 | S94: Filtro secador modelo 01 | T94: 1 | V94: =IF(J94="","",MONTH(J94)) | W94: =IF(J94="","",YEAR(J94)) | Y94: =IFERROR(INDEX(Rastreio!$H$2:$H$200,MATCH(X94&"|"&U94,Rastreio!$A$2:$A$200,0)),"")
A95: =IFERROR(INDEX(STAs!$G$2:$G$61,MATCH(P95,STAs!$F$2:$F$61,0))&"","") | B95: 20019125 | C95: Não | D95: MG | E95: SUDESTE MG | F95: Cliente C - Misturador | G95: Chopeiras | H95: 85 | I95: =IFERROR(T95*H95,0) | J95: 45919 | K95: 45955 | L95: Ok. Devolvida | M95: =IF(L95="","",IFERROR(VLOOKUP(L95,mapGrupoStatus,2,0),"Outros")) | N95: =IF(O95="","",IF(O95<=30,"0-30 dias",IF(O95<=60,"31-60 dias",IF(O95<=90,"61-90 dias","Mais de 90 dias")))) | O95: =IF(OR(M95="Pendente",M95="Em andamento"),IF(J95="","",TODAY()-J95),"") | P95: 12158 | Q95: Gelo Serviços (12158) | R95: PC-0036 | S95: Válvula extratora modelo 02 | T95: 2 | U95: 136 | V95: =IF(J95="","",MONTH(J95)) | W95: =IF(J95="","",YEAR(J95)) | X95: CargoMax | Y95: =IFERROR(INDEX(Rastreio!$H$2:$H$200,MATCH(X95&"|"&U95,Rastreio!$A$2:$A$200,0)),"")
A96: =IFERROR(INDEX(STAs!$G$2:$G$61,MATCH(P96,STAs!$F$2:$F$61,0))&"","") | B96: 20025788 | C96: Não | D96: PA | E96: NORTE | F96: Cliente A - Refrigerador | G96: Misturadores | H96: 265 | I96: =IFERROR(T96*H96,0) | J96: 45919 | K96: 45950 | L96: Ok. Devolvida | M96: =IF(L96="","",IFERROR(VLOOKUP(L96,mapGrupoStatus,2,0),"Outros")) | N96: =IF(O96="","",IF(O96<=30,"0-30 dias",IF(O96<=60,"31-60 dias",IF(O96<=90,"61-90 dias","Mais de 90 dias")))) | O96: =IF(OR(M96="Pendente",M96="Em andamento"),IF(J96="","",TODAY()-J96),"") | P96: 11986 | Q96: Polar Serviços (11986) | R96: PC-0038 | S96: Bomba de recirculação modelo 02 | T96: 1 | U96: 138 | V96: =IF(J96="","",MONTH(J96)) | W96: =IF(J96="","",YEAR(J96)) | X96: EntregaJá | Y96: =IFERROR(INDEX(Rastreio!$H$2:$H$200,MATCH(X96&"|"&U96,Rastreio!$A$2:$A$200,0)),"")
A97: =IFERROR(INDEX(STAs!$G$2:$G$61,MATCH(P97,STAs!$F$2:$F$61,0))&"","") | B97: 20030799 | C97: Não | D97: ES | E97: SUDESTE RJ e ES | F97: Cliente C - Misturador | G97: Misturadores | H97: 185 | I97: =IFERROR(T97*H97,0) | J97: 45919 | L97: Debitar do STA | M97: =IF(L97="","",IFERROR(VLOOKUP(L97,mapGrupoStatus,2,0),"Outros")) | N97: =IF(O97="","",IF(O97<=30,"0-30 dias",IF(O97<=60,"31-60 dias",IF(O97<=90,"61-90 dias","Mais de 90 dias")))) | O97: =IF(OR(M97="Pendente",M97="Em andamento"),IF(J97="","",TODAY()-J97),"") | P97: 12555 | Q97: Cool Service Serviços (12555) | R97: PC-0041 | S97: Motor agitador modelo 02 | T97: 1 | V97: =IF(J97="","",MONTH(J97)) | W97: =IF(J97="","",YEAR(J97)) | Y97: =IFERROR(INDEX(Rastreio!$H$2:$H$200,MATCH(X97&"|"&U97,Rastreio!$A$2:$A$200,0)),"")
A98: =IFERROR(INDEX(STAs!$G$2:$G$61,MATCH(P98,STAs!$F$2:$F$61,0))&"","") | B98: 20032079 | C98: Não | D98: PB | E98: NORDESTE | F98: Cliente A - Refrigerador | G98: Refrigeradores | H98: 45 | I98: =IFERROR(T98*H98,0) | J98: 45919 | L98: Aguardando devolução | M98: =IF(L98="","",IFERROR(VLOOKUP(L98,mapGrupoStatus,2,0),"Outros")) | N98: =IF(O98="","",IF(O98<=30,"0-30 dias",IF(O98<=60,"31-60 dias",IF(O98<=90,"61-90 dias","Mais de 90 dias")))) | O98: =IF(OR(M98="Pendente",M98="Em andamento"),IF(J98="","",TODAY()-J98),"") | P98: 11741 | Q98: Clima Refrigeração (11741) | R98: PC-0018 | S98: Gaxeta da porta modelo 01 | T98: 1 | V98: =IF(J98="","",MONTH(J98)) | W98: =IF(J98="","",YEAR(J98)) | Y98: =IFERROR(INDEX(Rastreio!$H$2:$H$200,MATCH(X98&"|"&U98,Rastreio!$A$2:$A$200,0)),"")
A99: =IFERROR(INDEX(STAs!$G$2:$G$61,MATCH(P99,STAs!$F$2:$F$61,0))&"","") | B99: 20040475 | C99: Não | D99: BA | E99: NORDESTE | F99: Cliente C - Misturador | G99: Refrigeradores | H99: 185 | I99: =IFERROR(T99*H99,0) | J99: 45919 | K99: 45924 | L99: Ok. Devolvida | M99: =IF(L99="","",IFERROR(VLOOKUP(L99,mapGrupoStatus,2,0),"Outros")) | N99: =IF(O99="","",IF(O99<=30,"0-30 dias",IF(O99<=60,"31-60 dias",IF(O99<=90,"61-90 dias","Mais de 90 dias")))) | O99: =IF(OR(M99="Pendente",M99="Em andamento"),IF(J99="","",TODAY()-J99),"") | P99: 11244 | Q99: Refrigeração Manutenção (11244) | R99: PC-0013 | S99: Placa eletrônica modelo 03 | T99: 2 | U99: 170 | V99: =IF(J99="","",MONTH(J99)) | W99: =IF(J99="","",YEAR(J99)) | X99: CargoMax | Y99: =IFERROR(INDEX(Rastreio!$H$2:$H$200,MATCH(X99&"|"&U99,Rastreio!$A$2:$A$200,0)),"")
A100: =IFERROR(INDEX(STAs!$G$2:$G$61,MATCH(P100,STAs!$F$2:$F$61,0))&"","") | B100: 20002238 | C100: Não | D100: AC | E100: NORTE | F100: Cliente A - Refrigerador | G100: Chopeiras | H100: 215 | I100: =IFERROR(T100*H100,0) | J100: 45920 | K100: 45929 | L100: Ok. Devolvida | M100: =IF(L100="","",IFERROR(VLOOKUP(L100,mapGrupoStatus,2,0),"Outros")) | N100: =IF(O100="","",IF(O100<=30,"0-30 dias",IF(O100<=60,"31-60 dias",IF(O100<=90,"61-90 dias","Mais de 90 dias")))) | O100: =IF(OR(M100="Pendente",M100="Em andamento"),IF(J100="","",TODAY()-J100),"") | P100: 11022 | Q100: Brisa Ltda (11022) | R100: PC-0030 | S100: Serpentina modelo 02 | T100: 1 | U100: 106 | V100: =IF(J100="","",MONTH(J100)) | W100: =IF(J100="","",YEAR(J100)) | X100: EntregaJá | Y100: =IFERROR(INDEX(Rastreio!$H$2:$H$200,MATCH(X100&"|"&U100,Rastreio!$A$2:$A$200,0)),"")
...

Sheet Parametros
A1: Listas oficiais (usadas na validação de dados da Base_RPTG) e configurações das macros
A2: Envio Automático Ativo: | B2: NAO
A3: Dia da Semana (2=Seg..6=Sex, 8=Diário): | B3: 3 | C3: Grupo_Status | E3: Transportadora | G3: Coordenador | I3: Tipo | K3: MEI | M3: Status | N3: Grupo_Status | O3: Configurações usadas pelas macros VBA
A4: Horário de Disparo: | B4: 09:30 | C4: Concluído | E4: LogExpress | G4: CENTRO OESTE | I4: Refrigeradores | K4: Não | M4: Ok. Devolvida | N4: Concluído | O4: CNPJ do tomador do frete (rastreio Braspress) — só números | P4: 00000000000000
A5: Status oficiais: | C5: Em andamento | E5: TransNorte | G5: NORDESTE | I5: Chopeiras | K5: Sim | M5: Em transporte | N5: Em andamento
A6: Aguardando Transporte | C6: Pendente | E6: ViaCargo | G6: NORTE | I6: Misturadores | M6: Em andamento | N6: Em andamento | O6: Caminho da imagem do banner da assinatura (opcional)
A7: Aguardando devolução | C7: Perda / Débito | E7: RotaSul | G7: SUDESTE MG | M7: Aguardando Transporte | N7: Em andamento
A8: Debitar do STA | C8: Não aplicável | E8: CargoMax | G8: SUDESTE RJ e ES | M8: Aguardando devolução | N8: Pendente | O8: Mês de referência do comunicado | P8: 46174
A9: Em andamento | E9: EntregaJá | G9: SUDESTE SP | M9: NF Vencida | N9: Pendente | O9: Link da tabela de códigos | P9: https://exemplo.com.br/tabela-codigos
A10: Em transporte | G10: SUL | M10: Debitar do STA | N10: Perda / Débito | O10: Texto do bloco Atenção! | P10: Caso algum STA esteja com devolução de {MES_REF} pendente, encaminhe a nota até {DATA_NOTA}; peças de {MES_ANT} devem ser enviadas até {DATA_PECAS}.
A11: NF Vencida | M11: Não Devolve-Norte | N11: Não aplicável | O11: CONSULTORES POR REGIÃO (região na coluna O, e-mails em Cc na coluna P)
A12: NPD | M12: NPD | N12: Não aplicável | O12: Sul | P12: consultor.sul1@exemplo.com.br; consultor.sul2@exemplo.com.br
A13: Não Devolve-Norte | O13: Sudeste | P13: consultor.sudeste1@exemplo.com.br; consultor.sudeste2@exemplo.com.br
A14: Ok. Devolvida | O14: Nordeste | P14: consultor.nordeste1@exemplo.com.br
O15: Centro oeste | P15: consultor.co1@exemplo.com.br
O16: Pasta dos PDFs anexados | P16: C:\Comunicados_STAs
O20: E-mail do Financeiro (planilha de débito) | P20: financeiro@exemplo.com.br
O21: Pasta onde salvar a planilha de débito (vazio = pasta desta planilha)
O23: Cobrança semanal - último envio automático
O24: Cobrança automática - dia da semana (1=dom ... 7=sáb) | P24: 3
O25: Cobrança automática - horário | P25: 09:00
O26: Cobrança automática - intervalo em dias | P26: 7

Sheet Resumo_Status_Mes
A1: Itens por status e mês (fórmulas — atualiza sozinho ao editar a Base_RPTG)
A3: Status | B3: 2025-09 | C3: 2025-10 | D3: 2025-11 | E3: 2025-12 | F3: 2026-01 | G3: 2026-02 | H3: 2026-03 | I3: 2026-04 | J3: 2026-05 | K3: 2026-06 | L3: 2026-07 | M3: 2026-08 | N3: 2026-09 | O3: 2026-10 | P3: 2026-11 | Q3: 2026-12 | R3: Total
A4: Aguardando Transporte | B4: =SUMIFS(tblBase[QTD],tblBase[Status],$A4,tblBase[Ano],2025,tblBase[Mes],9) | C4: =SUMIFS(tblBase[QTD],tblBase[Status],$A4,tblBase[Ano],2025,tblBase[Mes],10) | D4: =SUMIFS(tblBase[QTD],tblBase[Status],$A4,tblBase[Ano],2025,tblBase[Mes],11) | E4: =SUMIFS(tblBase[QTD],tblBase[Status],$A4,tblBase[Ano],2025,tblBase[Mes],12) | F4: =SUMIFS(tblBase[QTD],tblBase[Status],$A4,tblBase[Ano],2026,tblBase[Mes],1) | G4: =SUMIFS(tblBase[QTD],tblBase[Status],$A4,tblBase[Ano],2026,tblBase[Mes],2) | H4: =SUMIFS(tblBase[QTD],tblBase[Status],$A4,tblBase[Ano],2026,tblBase[Mes],3) | I4: =SUMIFS(tblBase[QTD],tblBase[Status],$A4,tblBase[Ano],2026,tblBase[Mes],4) | J4: =SUMIFS(tblBase[QTD],tblBase[Status],$A4,tblBase[Ano],2026,tblBase[Mes],5) | K4: =SUMIFS(tblBase[QTD],tblBase[Status],$A4,tblBase[Ano],2026,tblBase[Mes],6) | L4: =SUMIFS(tblBase[QTD],tblBase[Status],$A4,tblBase[Ano],2026,tblBase[Mes],7) | M4: =SUMIFS(tblBase[QTD],tblBase[Status],$A4,tblBase[Ano],2026,tblBase[Mes],8) | N4: =SUMIFS(tblBase[QTD],tblBase[Status],$A4,tblBase[Ano],2026,tblBase[Mes],9) | O4: =SUMIFS(tblBase[QTD],tblBase[Status],$A4,tblBase[Ano],2026,tblBase[Mes],10) | P4: =SUMIFS(tblBase[QTD],tblBase[Status],$A4,tblBase[Ano],2026,tblBase[Mes],11) | Q4: =SUMIFS(tblBase[QTD],tblBase[Status],$A4,tblBase[Ano],2026,tblBase[Mes],12) | R4: =SUM(B4:Q4)
A5: Aguardando devolução | B5: =SUMIFS(tblBase[QTD],tblBase[Status],$A5,tblBase[Ano],2025,tblBase[Mes],9) | C5: =SUMIFS(tblBase[QTD],tblBase[Status],$A5,tblBase[Ano],2025,tblBase[Mes],10) | D5: =SUMIFS(tblBase[QTD],tblBase[Status],$A5,tblBase[Ano],2025,tblBase[Mes],11) | E5: =SUMIFS(tblBase[QTD],tblBase[Status],$A5,tblBase[Ano],2025,tblBase[Mes],12) | F5: =SUMIFS(tblBase[QTD],tblBase[Status],$A5,tblBase[Ano],2026,tblBase[Mes],1) | G5: =SUMIFS(tblBase[QTD],tblBase[Status],$A5,tblBase[Ano],2026,tblBase[Mes],2) | H5: =SUMIFS(tblBase[QTD],tblBase[Status],$A5,tblBase[Ano],2026,tblBase[Mes],3) | I5: =SUMIFS(tblBase[QTD],tblBase[Status],$A5,tblBase[Ano],2026,tblBase[Mes],4) | J5: =SUMIFS(tblBase[QTD],tblBase[Status],$A5,tblBase[Ano],2026,tblBase[Mes],5) | K5: =SUMIFS(tblBase[QTD],tblBase[Status],$A5,tblBase[Ano],2026,tblBase[Mes],6) | L5: =SUMIFS(tblBase[QTD],tblBase[Status],$A5,tblBase[Ano],2026,tblBase[Mes],7) | M5: =SUMIFS(tblBase[QTD],tblBase[Status],$A5,tblBase[Ano],2026,tblBase[Mes],8) | N5: =SUMIFS(tblBase[QTD],tblBase[Status],$A5,tblBase[Ano],2026,tblBase[Mes],9) | O5: =SUMIFS(tblBase[QTD],tblBase[Status],$A5,tblBase[Ano],2026,tblBase[Mes],10) | P5: =SUMIFS(tblBase[QTD],tblBase[Status],$A5,tblBase[Ano],2026,tblBase[Mes],11) | Q5: =SUMIFS(tblBase[QTD],tblBase[Status],$A5,tblBase[Ano],2026,tblBase[Mes],12) | R5: =SUM(B5:Q5)
A6: Debitar do STA | B6: =SUMIFS(tblBase[QTD],tblBase[Status],$A6,tblBase[Ano],2025,tblBase[Mes],9) | C6: =SUMIFS(tblBase[QTD],tblBase[Status],$A6,tblBase[Ano],2025,tblBase[Mes],10) | D6: =SUMIFS(tblBase[QTD],tblBase[Status],$A6,tblBase[Ano],2025,tblBase[Mes],11) | E6: =SUMIFS(tblBase[QTD],tblBase[Status],$A6,tblBase[Ano],2025,tblBase[Mes],12) | F6: =SUMIFS(tblBase[QTD],tblBase[Status],$A6,tblBase[Ano],2026,tblBase[Mes],1) | G6: =SUMIFS(tblBase[QTD],tblBase[Status],$A6,tblBase[Ano],2026,tblBase[Mes],2) | H6: =SUMIFS(tblBase[QTD],tblBase[Status],$A6,tblBase[Ano],2026,tblBase[Mes],3) | I6: =SUMIFS(tblBase[QTD],tblBase[Status],$A6,tblBase[Ano],2026,tblBase[Mes],4) | J6: =SUMIFS(tblBase[QTD],tblBase[Status],$A6,tblBase[Ano],2026,tblBase[Mes],5) | K6: =SUMIFS(tblBase[QTD],tblBase[Status],$A6,tblBase[Ano],2026,tblBase[Mes],6) | L6: =SUMIFS(tblBase[QTD],tblBase[Status],$A6,tblBase[Ano],2026,tblBase[Mes],7) | M6: =SUMIFS(tblBase[QTD],tblBase[Status],$A6,tblBase[Ano],2026,tblBase[Mes],8) | N6: =SUMIFS(tblBase[QTD],tblBase[Status],$A6,tblBase[Ano],2026,tblBase[Mes],9) | O6: =SUMIFS(tblBase[QTD],tblBase[Status],$A6,tblBase[Ano],2026,tblBase[Mes],10) | P6: =SUMIFS(tblBase[QTD],tblBase[Status],$A6,tblBase[Ano],2026,tblBase[Mes],11) | Q6: =SUMIFS(tblBase[QTD],tblBase[Status],$A6,tblBase[Ano],2026,tblBase[Mes],12) | R6: =SUM(B6:Q6)
A7: Em andamento | B7: =SUMIFS(tblBase[QTD],tblBase[Status],$A7,tblBase[Ano],2025,tblBase[Mes],9) | C7: =SUMIFS(tblBase[QTD],tblBase[Status],$A7,tblBase[Ano],2025,tblBase[Mes],10) | D7: =SUMIFS(tblBase[QTD],tblBase[Status],$A7,tblBase[Ano],2025,tblBase[Mes],11) | E7: =SUMIFS(tblBase[QTD],tblBase[Status],$A7,tblBase[Ano],2025,tblBase[Mes],12) | F7: =SUMIFS(tblBase[QTD],tblBase[Status],$A7,tblBase[Ano],2026,tblBase[Mes],1) | G7: =SUMIFS(tblBase[QTD],tblBase[Status],$A7,tblBase[Ano],2026,tblBase[Mes],2) | H7: =SUMIFS(tblBase[QTD],tblBase[Status],$A7,tblBase[Ano],2026,tblBase[Mes],3) | I7: =SUMIFS(tblBase[QTD],tblBase[Status],$A7,tblBase[Ano],2026,tblBase[Mes],4) | J7: =SUMIFS(tblBase[QTD],tblBase[Status],$A7,tblBase[Ano],2026,tblBase[Mes],5) | K7: =SUMIFS(tblBase[QTD],tblBase[Status],$A7,tblBase[Ano],2026,tblBase[Mes],6) | L7: =SUMIFS(tblBase[QTD],tblBase[Status],$A7,tblBase[Ano],2026,tblBase[Mes],7) | M7: =SUMIFS(tblBase[QTD],tblBase[Status],$A7,tblBase[Ano],2026,tblBase[Mes],8) | N7: =SUMIFS(tblBase[QTD],tblBase[Status],$A7,tblBase[Ano],2026,tblBase[Mes],9) | O7: =SUMIFS(tblBase[QTD],tblBase[Status],$A7,tblBase[Ano],2026,tblBase[Mes],10) | P7: =SUMIFS(tblBase[QTD],tblBase[Status],$A7,tblBase[Ano],2026,tblBase[Mes],11) | Q7: =SUMIFS(tblBase[QTD],tblBase[Status],$A7,tblBase[Ano],2026,tblBase[Mes],12) | R7: =SUM(B7:Q7)
A8: Em transporte | B8: =SUMIFS(tblBase[QTD],tblBase[Status],$A8,tblBase[Ano],2025,tblBase[Mes],9) | C8: =SUMIFS(tblBase[QTD],tblBase[Status],$A8,tblBase[Ano],2025,tblBase[Mes],10) | D8: =SUMIFS(tblBase[QTD],tblBase[Status],$A8,tblBase[Ano],2025,tblBase[Mes],11) | E8: =SUMIFS(tblBase[QTD],tblBase[Status],$A8,tblBase[Ano],2025,tblBase[Mes],12) | F8: =SUMIFS(tblBase[QTD],tblBase[Status],$A8,tblBase[Ano],2026,tblBase[Mes],1) | G8: =SUMIFS(tblBase[QTD],tblBase[Status],$A8,tblBase[Ano],2026,tblBase[Mes],2) | H8: =SUMIFS(tblBase[QTD],tblBase[Status],$A8,tblBase[Ano],2026,tblBase[Mes],3) | I8: =SUMIFS(tblBase[QTD],tblBase[Status],$A8,tblBase[Ano],2026,tblBase[Mes],4) | J8: =SUMIFS(tblBase[QTD],tblBase[Status],$A8,tblBase[Ano],2026,tblBase[Mes],5) | K8: =SUMIFS(tblBase[QTD],tblBase[Status],$A8,tblBase[Ano],2026,tblBase[Mes],6) | L8: =SUMIFS(tblBase[QTD],tblBase[Status],$A8,tblBase[Ano],2026,tblBase[Mes],7) | M8: =SUMIFS(tblBase[QTD],tblBase[Status],$A8,tblBase[Ano],2026,tblBase[Mes],8) | N8: =SUMIFS(tblBase[QTD],tblBase[Status],$A8,tblBase[Ano],2026,tblBase[Mes],9) | O8: =SUMIFS(tblBase[QTD],tblBase[Status],$A8,tblBase[Ano],2026,tblBase[Mes],10) | P8: =SUMIFS(tblBase[QTD],tblBase[Status],$A8,tblBase[Ano],2026,tblBase[Mes],11) | Q8: =SUMIFS(tblBase[QTD],tblBase[Status],$A8,tblBase[Ano],2026,tblBase[Mes],12) | R8: =SUM(B8:Q8)
A9: NF Vencida | B9: =SUMIFS(tblBase[QTD],tblBase[Status],$A9,tblBase[Ano],2025,tblBase[Mes],9) | C9: =SUMIFS(tblBase[QTD],tblBase[Status],$A9,tblBase[Ano],2025,tblBase[Mes],10) | D9: =SUMIFS(tblBase[QTD],tblBase[Status],$A9,tblBase[Ano],2025,tblBase[Mes],11) | E9: =SUMIFS(tblBase[QTD],tblBase[Status],$A9,tblBase[Ano],2025,tblBase[Mes],12) | F9: =SUMIFS(tblBase[QTD],tblBase[Status],$A9,tblBase[Ano],2026,tblBase[Mes],1) | G9: =SUMIFS(tblBase[QTD],tblBase[Status],$A9,tblBase[Ano],2026,tblBase[Mes],2) | H9: =SUMIFS(tblBase[QTD],tblBase[Status],$A9,tblBase[Ano],2026,tblBase[Mes],3) | I9: =SUMIFS(tblBase[QTD],tblBase[Status],$A9,tblBase[Ano],2026,tblBase[Mes],4) | J9: =SUMIFS(tblBase[QTD],tblBase[Status],$A9,tblBase[Ano],2026,tblBase[Mes],5) | K9: =SUMIFS(tblBase[QTD],tblBase[Status],$A9,tblBase[Ano],2026,tblBase[Mes],6) | L9: =SUMIFS(tblBase[QTD],tblBase[Status],$A9,tblBase[Ano],2026,tblBase[Mes],7) | M9: =SUMIFS(tblBase[QTD],tblBase[Status],$A9,tblBase[Ano],2026,tblBase[Mes],8) | N9: =SUMIFS(tblBase[QTD],tblBase[Status],$A9,tblBase[Ano],2026,tblBase[Mes],9) | O9: =SUMIFS(tblBase[QTD],tblBase[Status],$A9,tblBase[Ano],2026,tblBase[Mes],10) | P9: =SUMIFS(tblBase[QTD],tblBase[Status],$A9,tblBase[Ano],2026,tblBase[Mes],11) | Q9: =SUMIFS(tblBase[QTD],tblBase[Status],$A9,tblBase[Ano],2026,tblBase[Mes],12) | R9: =SUM(B9:Q9)
A10: NPD | B10: =SUMIFS(tblBase[QTD],tblBase[Status],$A10,tblBase[Ano],2025,tblBase[Mes],9) | C10: =SUMIFS(tblBase[QTD],tblBase[Status],$A10,tblBase[Ano],2025,tblBase[Mes],10) | D10: =SUMIFS(tblBase[QTD],tblBase[Status],$A10,tblBase[Ano],2025,tblBase[Mes],11) | E10: =SUMIFS(tblBase[QTD],tblBase[Status],$A10,tblBase[Ano],2025,tblBase[Mes],12) | F10: =SUMIFS(tblBase[QTD],tblBase[Status],$A10,tblBase[Ano],2026,tblBase[Mes],1) | G10: =SUMIFS(tblBase[QTD],tblBase[Status],$A10,tblBase[Ano],2026,tblBase[Mes],2) | H10: =SUMIFS(tblBase[QTD],tblBase[Status],$A10,tblBase[Ano],2026,tblBase[Mes],3) | I10: =SUMIFS(tblBase[QTD],tblBase[Status],$A10,tblBase[Ano],2026,tblBase[Mes],4) | J10: =SUMIFS(tblBase[QTD],tblBase[Status],$A10,tblBase[Ano],2026,tblBase[Mes],5) | K10: =SUMIFS(tblBase[QTD],tblBase[Status],$A10,tblBase[Ano],2026,tblBase[Mes],6) | L10: =SUMIFS(tblBase[QTD],tblBase[Status],$A10,tblBase[Ano],2026,tblBase[Mes],7) | M10: =SUMIFS(tblBase[QTD],tblBase[Status],$A10,tblBase[Ano],2026,tblBase[Mes],8) | N10: =SUMIFS(tblBase[QTD],tblBase[Status],$A10,tblBase[Ano],2026,tblBase[Mes],9) | O10: =SUMIFS(tblBase[QTD],tblBase[Status],$A10,tblBase[Ano],2026,tblBase[Mes],10) | P10: =SUMIFS(tblBase[QTD],tblBase[Status],$A10,tblBase[Ano],2026,tblBase[Mes],11) | Q10: =SUMIFS(tblBase[QTD],tblBase[Status],$A10,tblBase[Ano],2026,tblBase[Mes],12) | R10: =SUM(B10:Q10)
A11: Não Devolve-Norte | B11: =SUMIFS(tblBase[QTD],tblBase[Status],$A11,tblBase[Ano],2025,tblBase[Mes],9) | C11: =SUMIFS(tblBase[QTD],tblBase[Status],$A11,tblBase[Ano],2025,tblBase[Mes],10) | D11: =SUMIFS(tblBase[QTD],tblBase[Status],$A11,tblBase[Ano],2025,tblBase[Mes],11) | E11: =SUMIFS(tblBase[QTD],tblBase[Status],$A11,tblBase[Ano],2025,tblBase[Mes],12) | F11: =SUMIFS(tblBase[QTD],tblBase[Status],$A11,tblBase[Ano],2026,tblBase[Mes],1) | G11: =SUMIFS(tblBase[QTD],tblBase[Status],$A11,tblBase[Ano],2026,tblBase[Mes],2) | H11: =SUMIFS(tblBase[QTD],tblBase[Status],$A11,tblBase[Ano],2026,tblBase[Mes],3) | I11: =SUMIFS(tblBase[QTD],tblBase[Status],$A11,tblBase[Ano],2026,tblBase[Mes],4) | J11: =SUMIFS(tblBase[QTD],tblBase[Status],$A11,tblBase[Ano],2026,tblBase[Mes],5) | K11: =SUMIFS(tblBase[QTD],tblBase[Status],$A11,tblBase[Ano],2026,tblBase[Mes],6) | L11: =SUMIFS(tblBase[QTD],tblBase[Status],$A11,tblBase[Ano],2026,tblBase[Mes],7) | M11: =SUMIFS(tblBase[QTD],tblBase[Status],$A11,tblBase[Ano],2026,tblBase[Mes],8) | N11: =SUMIFS(tblBase[QTD],tblBase[Status],$A11,tblBase[Ano],2026,tblBase[Mes],9) | O11: =SUMIFS(tblBase[QTD],tblBase[Status],$A11,tblBase[Ano],2026,tblBase[Mes],10) | P11: =SUMIFS(tblBase[QTD],tblBase[Status],$A11,tblBase[Ano],2026,tblBase[Mes],11) | Q11: =SUMIFS(tblBase[QTD],tblBase[Status],$A11,tblBase[Ano],2026,tblBase[Mes],12) | R11: =SUM(B11:Q11)
A12: Ok. Devolvida | B12: =SUMIFS(tblBase[QTD],tblBase[Status],$A12,tblBase[Ano],2025,tblBase[Mes],9) | C12: =SUMIFS(tblBase[QTD],tblBase[Status],$A12,tblBase[Ano],2025,tblBase[Mes],10) | D12: =SUMIFS(tblBase[QTD],tblBase[Status],$A12,tblBase[Ano],2025,tblBase[Mes],11) | E12: =SUMIFS(tblBase[QTD],tblBase[Status],$A12,tblBase[Ano],2025,tblBase[Mes],12) | F12: =SUMIFS(tblBase[QTD],tblBase[Status],$A12,tblBase[Ano],2026,tblBase[Mes],1) | G12: =SUMIFS(tblBase[QTD],tblBase[Status],$A12,tblBase[Ano],2026,tblBase[Mes],2) | H12: =SUMIFS(tblBase[QTD],tblBase[Status],$A12,tblBase[Ano],2026,tblBase[Mes],3) | I12: =SUMIFS(tblBase[QTD],tblBase[Status],$A12,tblBase[Ano],2026,tblBase[Mes],4) | J12: =SUMIFS(tblBase[QTD],tblBase[Status],$A12,tblBase[Ano],2026,tblBase[Mes],5) | K12: =SUMIFS(tblBase[QTD],tblBase[Status],$A12,tblBase[Ano],2026,tblBase[Mes],6) | L12: =SUMIFS(tblBase[QTD],tblBase[Status],$A12,tblBase[Ano],2026,tblBase[Mes],7) | M12: =SUMIFS(tblBase[QTD],tblBase[Status],$A12,tblBase[Ano],2026,tblBase[Mes],8) | N12: =SUMIFS(tblBase[QTD],tblBase[Status],$A12,tblBase[Ano],2026,tblBase[Mes],9) | O12: =SUMIFS(tblBase[QTD],tblBase[Status],$A12,tblBase[Ano],2026,tblBase[Mes],10) | P12: =SUMIFS(tblBase[QTD],tblBase[Status],$A12,tblBase[Ano],2026,tblBase[Mes],11) | Q12: =SUMIFS(tblBase[QTD],tblBase[Status],$A12,tblBase[Ano],2026,tblBase[Mes],12) | R12: =SUM(B12:Q12)

Sheet Resumo_Transportadora
A1: Desempenho por transportadora
A2: Digite uma nova categoria nas linhas em branco no fim da lista: as fórmulas já estão prontas.
A3: Categoria | B3: Itens | C3: Valor total (R$) | D3: Devolvidos | E3: % devolvido | F3: Em aberto
A4: LogExpress | B4: =IF($A4="","",SUMIFS(tblBase[QTD],tblBase[Transportadora],$A4)) | C4: =IF($A4="","",SUMIFS(tblBase[Valor_Total],tblBase[Transportadora],$A4)) | D4: =IF($A4="","",SUMIFS(tblBase[QTD],tblBase[Transportadora],$A4,tblBase[Grupo_Status],"Concluído")) | E4: =IFERROR(D4/B4,"") | F4: =IF($A4="","",SUMIFS(tblBase[QTD],tblBase[Transportadora],$A4,tblBase[Grupo_Status],"Pendente")+SUMIFS(tblBase[QTD],tblBase[Transportadora],$A4,tblBase[Grupo_Status],"Em andamento"))
A5: TransNorte | B5: =IF($A5="","",SUMIFS(tblBase[QTD],tblBase[Transportadora],$A5)) | C5: =IF($A5="","",SUMIFS(tblBase[Valor_Total],tblBase[Transportadora],$A5)) | D5: =IF($A5="","",SUMIFS(tblBase[QTD],tblBase[Transportadora],$A5,tblBase[Grupo_Status],"Concluído")) | E5: =IFERROR(D5/B5,"") | F5: =IF($A5="","",SUMIFS(tblBase[QTD],tblBase[Transportadora],$A5,tblBase[Grupo_Status],"Pendente")+SUMIFS(tblBase[QTD],tblBase[Transportadora],$A5,tblBase[Grupo_Status],"Em andamento"))
A6: ViaCargo | B6: =IF($A6="","",SUMIFS(tblBase[QTD],tblBase[Transportadora],$A6)) | C6: =IF($A6="","",SUMIFS(tblBase[Valor_Total],tblBase[Transportadora],$A6)) | D6: =IF($A6="","",SUMIFS(tblBase[QTD],tblBase[Transportadora],$A6,tblBase[Grupo_Status],"Concluído")) | E6: =IFERROR(D6/B6,"") | F6: =IF($A6="","",SUMIFS(tblBase[QTD],tblBase[Transportadora],$A6,tblBase[Grupo_Status],"Pendente")+SUMIFS(tblBase[QTD],tblBase[Transportadora],$A6,tblBase[Grupo_Status],"Em andamento"))
A7: RotaSul | B7: =IF($A7="","",SUMIFS(tblBase[QTD],tblBase[Transportadora],$A7)) | C7: =IF($A7="","",SUMIFS(tblBase[Valor_Total],tblBase[Transportadora],$A7)) | D7: =IF($A7="","",SUMIFS(tblBase[QTD],tblBase[Transportadora],$A7,tblBase[Grupo_Status],"Concluído")) | E7: =IFERROR(D7/B7,"") | F7: =IF($A7="","",SUMIFS(tblBase[QTD],tblBase[Transportadora],$A7,tblBase[Grupo_Status],"Pendente")+SUMIFS(tblBase[QTD],tblBase[Transportadora],$A7,tblBase[Grupo_Status],"Em andamento"))
A8: CargoMax | B8: =IF($A8="","",SUMIFS(tblBase[QTD],tblBase[Transportadora],$A8)) | C8: =IF($A8="","",SUMIFS(tblBase[Valor_Total],tblBase[Transportadora],$A8)) | D8: =IF($A8="","",SUMIFS(tblBase[QTD],tblBase[Transportadora],$A8,tblBase[Grupo_Status],"Concluído")) | E8: =IFERROR(D8/B8,"") | F8: =IF($A8="","",SUMIFS(tblBase[QTD],tblBase[Transportadora],$A8,tblBase[Grupo_Status],"Pendente")+SUMIFS(tblBase[QTD],tblBase[Transportadora],$A8,tblBase[Grupo_Status],"Em andamento"))
A9: EntregaJá | B9: =IF($A9="","",SUMIFS(tblBase[QTD],tblBase[Transportadora],$A9)) | C9: =IF($A9="","",SUMIFS(tblBase[Valor_Total],tblBase[Transportadora],$A9)) | D9: =IF($A9="","",SUMIFS(tblBase[QTD],tblBase[Transportadora],$A9,tblBase[Grupo_Status],"Concluído")) | E9: =IFERROR(D9/B9,"") | F9: =IF($A9="","",SUMIFS(tblBase[QTD],tblBase[Transportadora],$A9,tblBase[Grupo_Status],"Pendente")+SUMIFS(tblBase[QTD],tblBase[Transportadora],$A9,tblBase[Grupo_Status],"Em andamento"))
B10: =IF($A10="","",SUMIFS(tblBase[QTD],tblBase[Transportadora],$A10)) | C10: =IF($A10="","",SUMIFS(tblBase[Valor_Total],tblBase[Transportadora],$A10)) | D10: =IF($A10="","",SUMIFS(tblBase[QTD],tblBase[Transportadora],$A10,tblBase[Grupo_Status],"Concluído")) | E10: =IFERROR(D10/B10,"") | F10: =IF($A10="","",SUMIFS(tblBase[QTD],tblBase[Transportadora],$A10,tblBase[Grupo_Status],"Pendente")+SUMIFS(tblBase[QTD],tblBase[Transportadora],$A10,tblBase[Grupo_Status],"Em andamento"))
B11: =IF($A11="","",SUMIFS(tblBase[QTD],tblBase[Transportadora],$A11)) | C11: =IF($A11="","",SUMIFS(tblBase[Valor_Total],tblBase[Transportadora],$A11)) | D11: =IF($A11="","",SUMIFS(tblBase[QTD],tblBase[Transportadora],$A11,tblBase[Grupo_Status],"Concluído")) | E11: =IFERROR(D11/B11,"") | F11: =IF($A11="","",SUMIFS(tblBase[QTD],tblBase[Transportadora],$A11,tblBase[Grupo_Status],"Pendente")+SUMIFS(tblBase[QTD],tblBase[Transportadora],$A11,tblBase[Grupo_Status],"Em andamento"))
B12: =IF($A12="","",SUMIFS(tblBase[QTD],tblBase[Transportadora],$A12)) | C12: =IF($A12="","",SUMIFS(tblBase[Valor_Total],tblBase[Transportadora],$A12)) | D12: =IF($A12="","",SUMIFS(tblBase[QTD],tblBase[Transportadora],$A12,tblBase[Grupo_Status],"Concluído")) | E12: =IFERROR(D12/B12,"") | F12: =IF($A12="","",SUMIFS(tblBase[QTD],tblBase[Transportadora],$A12,tblBase[Grupo_Status],"Pendente")+SUMIFS(tblBase[QTD],tblBase[Transportadora],$A12,tblBase[Grupo_Status],"Em andamento"))
B13: =IF($A13="","",SUMIFS(tblBase[QTD],tblBase[Transportadora],$A13)) | C13: =IF($A13="","",SUMIFS(tblBase[Valor_Total],tblBase[Transportadora],$A13)) | D13: =IF($A13="","",SUMIFS(tblBase[QTD],tblBase[Transportadora],$A13,tblBase[Grupo_Status],"Concluído")) | E13: =IFERROR(D13/B13,"") | F13: =IF($A13="","",SUMIFS(tblBase[QTD],tblBase[Transportadora],$A13,tblBase[Grupo_Status],"Pendente")+SUMIFS(tblBase[QTD],tblBase[Transportadora],$A13,tblBase[Grupo_Status],"Em andamento"))
B14: =IF($A14="","",SUMIFS(tblBase[QTD],tblBase[Transportadora],$A14)) | C14: =IF($A14="","",SUMIFS(tblBase[Valor_Total],tblBase[Transportadora],$A14)) | D14: =IF($A14="","",SUMIFS(tblBase[QTD],tblBase[Transportadora],$A14,tblBase[Grupo_Status],"Concluído")) | E14: =IFERROR(D14/B14,"") | F14: =IF($A14="","",SUMIFS(tblBase[QTD],tblBase[Transportadora],$A14,tblBase[Grupo_Status],"Pendente")+SUMIFS(tblBase[QTD],tblBase[Transportadora],$A14,tblBase[Grupo_Status],"Em andamento"))
B15: =IF($A15="","",SUMIFS(tblBase[QTD],tblBase[Transportadora],$A15)) | C15: =IF($A15="","",SUMIFS(tblBase[Valor_Total],tblBase[Transportadora],$A15)) | D15: =IF($A15="","",SUMIFS(tblBase[QTD],tblBase[Transportadora],$A15,tblBase[Grupo_Status],"Concluído")) | E15: =IFERROR(D15/B15,"") | F15: =IF($A15="","",SUMIFS(tblBase[QTD],tblBase[Transportadora],$A15,tblBase[Grupo_Status],"Pendente")+SUMIFS(tblBase[QTD],tblBase[Transportadora],$A15,tblBase[Grupo_Status],"Em andamento"))
B16: =IF($A16="","",SUMIFS(tblBase[QTD],tblBase[Transportadora],$A16)) | C16: =IF($A16="","",SUMIFS(tblBase[Valor_Total],tblBase[Transportadora],$A16)) | D16: =IF($A16="","",SUMIFS(tblBase[QTD],tblBase[Transportadora],$A16,tblBase[Grupo_Status],"Concluído")) | E16: =IFERROR(D16/B16,"") | F16: =IF($A16="","",SUMIFS(tblBase[QTD],tblBase[Transportadora],$A16,tblBase[Grupo_Status],"Pendente")+SUMIFS(tblBase[QTD],tblBase[Transportadora],$A16,tblBase[Grupo_Status],"Em andamento"))
B17: =IF($A17="","",SUMIFS(tblBase[QTD],tblBase[Transportadora],$A17)) | C17: =IF($A17="","",SUMIFS(tblBase[Valor_Total],tblBase[Transportadora],$A17)) | D17: =IF($A17="","",SUMIFS(tblBase[QTD],tblBase[Transportadora],$A17,tblBase[Grupo_Status],"Concluído")) | E17: =IFERROR(D17/B17,"") | F17: =IF($A17="","",SUMIFS(tblBase[QTD],tblBase[Transportadora],$A17,tblBase[Grupo_Status],"Pendente")+SUMIFS(tblBase[QTD],tblBase[Transportadora],$A17,tblBase[Grupo_Status],"Em andamento"))
B18: =IF($A18="","",SUMIFS(tblBase[QTD],tblBase[Transportadora],$A18)) | C18: =IF($A18="","",SUMIFS(tblBase[Valor_Total],tblBase[Transportadora],$A18)) | D18: =IF($A18="","",SUMIFS(tblBase[QTD],tblBase[Transportadora],$A18,tblBase[Grupo_Status],"Concluído")) | E18: =IFERROR(D18/B18,"") | F18: =IF($A18="","",SUMIFS(tblBase[QTD],tblBase[Transportadora],$A18,tblBase[Grupo_Status],"Pendente")+SUMIFS(tblBase[QTD],tblBase[Transportadora],$A18,tblBase[Grupo_Status],"Em andamento"))
B19: =IF($A19="","",SUMIFS(tblBase[QTD],tblBase[Transportadora],$A19)) | C19: =IF($A19="","",SUMIFS(tblBase[Valor_Total],tblBase[Transportadora],$A19)) | D19: =IF($A19="","",SUMIFS(tblBase[QTD],tblBase[Transportadora],$A19,tblBase[Grupo_Status],"Concluído")) | E19: =IFERROR(D19/B19,"") | F19: =IF($A19="","",SUMIFS(tblBase[QTD],tblBase[Transportadora],$A19,tblBase[Grupo_Status],"Pendente")+SUMIFS(tblBase[QTD],tblBase[Transportadora],$A19,tblBase[Grupo_Status],"Em andamento"))
B20: =IF($A20="","",SUMIFS(tblBase[QTD],tblBase[Transportadora],$A20)) | C20: =IF($A20="","",SUMIFS(tblBase[Valor_Total],tblBase[Transportadora],$A20)) | D20: =IF($A20="","",SUMIFS(tblBase[QTD],tblBase[Transportadora],$A20,tblBase[Grupo_Status],"Concluído")) | E20: =IFERROR(D20/B20,"") | F20: =IF($A20="","",SUMIFS(tblBase[QTD],tblBase[Transportadora],$A20,tblBase[Grupo_Status],"Pendente")+SUMIFS(tblBase[QTD],tblBase[Transportadora],$A20,tblBase[Grupo_Status],"Em andamento"))
B21: =IF($A21="","",SUMIFS(tblBase[QTD],tblBase[Transportadora],$A21)) | C21: =IF($A21="","",SUMIFS(tblBase[Valor_Total],tblBase[Transportadora],$A21)) | D21: =IF($A21="","",SUMIFS(tblBase[QTD],tblBase[Transportadora],$A21,tblBase[Grupo_Status],"Concluído")) | E21: =IFERROR(D21/B21,"") | F21: =IF($A21="","",SUMIFS(tblBase[QTD],tblBase[Transportadora],$A21,tblBase[Grupo_Status],"Pendente")+SUMIFS(tblBase[QTD],tblBase[Transportadora],$A21,tblBase[Grupo_Status],"Em andamento"))
... B25: =IF($A25="","",SUMIFS(tblBase[QTD],tblBase[Transportadora],$A25)) | C25: =IF($A25="","",SUMIFS(tblBase[Valor_Total],tblBase[Transportadora],$A25)) | D25: =IF($A25="","",SUMIFS(tblBase[QTD],tblBase[Transportadora],$A25,tblBase[Grupo_Status],"Concluído")) | E25: =IFERROR(D25/B25,"") | F25: =IF($A25="","",SUMIFS(tblBase[QTD],tblBase[Transportadora],$A25,tblBase[Grupo_Status],"Pendente")+SUMIFS(tblBase[QTD],tblBase[Transportadora],$A25,tblBase[Grupo_Status],"Em andamento"))
A26: Total da base | B26: =SUM(tblBase[QTD]) | C26: =SUM(tblBase[Valor_Total]) | D26: =SUMIFS(tblBase[QTD],tblBase[Grupo_Status],"Concluído") | E26: =IFERROR(D26/B26,"") | F26: =SUMIFS(tblBase[QTD],tblBase[Grupo_Status],"Pendente")+SUMIFS(tblBase[QTD],tblBase[Grupo_Status],"Em andamento")
A27: Não listado acima (categoria nova) | B27: =B26-SUM(B4:B25) | C27: =C26-SUM(C4:C25) | D27: =D26-SUM(D4:D25) | F27: =F26-SUM(F4:F25)

Sheet Resumo_Coordenador
A1: Desempenho por regional / coordenador
A2: Digite uma nova categoria nas linhas em branco no fim da lista: as fórmulas já estão prontas.
A3: Categoria | B3: Itens | C3: Valor total (R$) | D3: Devolvidos | E3: % devolvido | F3: Em aberto
A4: CENTRO OESTE | B4: =IF($A4="","",SUMIFS(tblBase[QTD],tblBase[Coordenador],$A4)) | C4: =IF($A4="","",SUMIFS(tblBase[Valor_Total],tblBase[Coordenador],$A4)) | D4: =IF($A4="","",SUMIFS(tblBase[QTD],tblBase[Coordenador],$A4,tblBase[Grupo_Status],"Concluído")) | E4: =IFERROR(D4/B4,"") | F4: =IF($A4="","",SUMIFS(tblBase[QTD],tblBase[Coordenador],$A4,tblBase[Grupo_Status],"Pendente")+SUMIFS(tblBase[QTD],tblBase[Coordenador],$A4,tblBase[Grupo_Status],"Em andamento"))
A5: NORDESTE | B5: =IF($A5="","",SUMIFS(tblBase[QTD],tblBase[Coordenador],$A5)) | C5: =IF($A5="","",SUMIFS(tblBase[Valor_Total],tblBase[Coordenador],$A5)) | D5: =IF($A5="","",SUMIFS(tblBase[QTD],tblBase[Coordenador],$A5,tblBase[Grupo_Status],"Concluído")) | E5: =IFERROR(D5/B5,"") | F5: =IF($A5="","",SUMIFS(tblBase[QTD],tblBase[Coordenador],$A5,tblBase[Grupo_Status],"Pendente")+SUMIFS(tblBase[QTD],tblBase[Coordenador],$A5,tblBase[Grupo_Status],"Em andamento"))
A6: NORTE | B6: =IF($A6="","",SUMIFS(tblBase[QTD],tblBase[Coordenador],$A6)) | C6: =IF($A6="","",SUMIFS(tblBase[Valor_Total],tblBase[Coordenador],$A6)) | D6: =IF($A6="","",SUMIFS(tblBase[QTD],tblBase[Coordenador],$A6,tblBase[Grupo_Status],"Concluído")) | E6: =IFERROR(D6/B6,"") | F6: =IF($A6="","",SUMIFS(tblBase[QTD],tblBase[Coordenador],$A6,tblBase[Grupo_Status],"Pendente")+SUMIFS(tblBase[QTD],tblBase[Coordenador],$A6,tblBase[Grupo_Status],"Em andamento"))
A7: SUDESTE MG | B7: =IF($A7="","",SUMIFS(tblBase[QTD],tblBase[Coordenador],$A7)) | C7: =IF($A7="","",SUMIFS(tblBase[Valor_Total],tblBase[Coordenador],$A7)) | D7: =IF($A7="","",SUMIFS(tblBase[QTD],tblBase[Coordenador],$A7,tblBase[Grupo_Status],"Concluído")) | E7: =IFERROR(D7/B7,"") | F7: =IF($A7="","",SUMIFS(tblBase[QTD],tblBase[Coordenador],$A7,tblBase[Grupo_Status],"Pendente")+SUMIFS(tblBase[QTD],tblBase[Coordenador],$A7,tblBase[Grupo_Status],"Em andamento"))
A8: SUDESTE RJ e ES | B8: =IF($A8="","",SUMIFS(tblBase[QTD],tblBase[Coordenador],$A8)) | C8: =IF($A8="","",SUMIFS(tblBase[Valor_Total],tblBase[Coordenador],$A8)) | D8: =IF($A8="","",SUMIFS(tblBase[QTD],tblBase[Coordenador],$A8,tblBase[Grupo_Status],"Concluído")) | E8: =IFERROR(D8/B8,"") | F8: =IF($A8="","",SUMIFS(tblBase[QTD],tblBase[Coordenador],$A8,tblBase[Grupo_Status],"Pendente")+SUMIFS(tblBase[QTD],tblBase[Coordenador],$A8,tblBase[Grupo_Status],"Em andamento"))
A9: SUDESTE SP | B9: =IF($A9="","",SUMIFS(tblBase[QTD],tblBase[Coordenador],$A9)) | C9: =IF($A9="","",SUMIFS(tblBase[Valor_Total],tblBase[Coordenador],$A9)) | D9: =IF($A9="","",SUMIFS(tblBase[QTD],tblBase[Coordenador],$A9,tblBase[Grupo_Status],"Concluído")) | E9: =IFERROR(D9/B9,"") | F9: =IF($A9="","",SUMIFS(tblBase[QTD],tblBase[Coordenador],$A9,tblBase[Grupo_Status],"Pendente")+SUMIFS(tblBase[QTD],tblBase[Coordenador],$A9,tblBase[Grupo_Status],"Em andamento"))
A10: SUL | B10: =IF($A10="","",SUMIFS(tblBase[QTD],tblBase[Coordenador],$A10)) | C10: =IF($A10="","",SUMIFS(tblBase[Valor_Total],tblBase[Coordenador],$A10)) | D10: =IF($A10="","",SUMIFS(tblBase[QTD],tblBase[Coordenador],$A10,tblBase[Grupo_Status],"Concluído")) | E10: =IFERROR(D10/B10,"") | F10: =IF($A10="","",SUMIFS(tblBase[QTD],tblBase[Coordenador],$A10,tblBase[Grupo_Status],"Pendente")+SUMIFS(tblBase[QTD],tblBase[Coordenador],$A10,tblBase[Grupo_Status],"Em andamento"))
B11: =IF($A11="","",SUMIFS(tblBase[QTD],tblBase[Coordenador],$A11)) | C11: =IF($A11="","",SUMIFS(tblBase[Valor_Total],tblBase[Coordenador],$A11)) | D11: =IF($A11="","",SUMIFS(tblBase[QTD],tblBase[Coordenador],$A11,tblBase[Grupo_Status],"Concluído")) | E11: =IFERROR(D11/B11,"") | F11: =IF($A11="","",SUMIFS(tblBase[QTD],tblBase[Coordenador],$A11,tblBase[Grupo_Status],"Pendente")+SUMIFS(tblBase[QTD],tblBase[Coordenador],$A11,tblBase[Grupo_Status],"Em andamento"))
B12: =IF($A12="","",SUMIFS(tblBase[QTD],tblBase[Coordenador],$A12)) | C12: =IF($A12="","",SUMIFS(tblBase[Valor_Total],tblBase[Coordenador],$A12)) | D12: =IF($A12="","",SUMIFS(tblBase[QTD],tblBase[Coordenador],$A12,tblBase[Grupo_Status],"Concluído")) | E12: =IFERROR(D12/B12,"") | F12: =IF($A12="","",SUMIFS(tblBase[QTD],tblBase[Coordenador],$A12,tblBase[Grupo_Status],"Pendente")+SUMIFS(tblBase[QTD],tblBase[Coordenador],$A12,tblBase[Grupo_Status],"Em andamento"))
B13: =IF($A13="","",SUMIFS(tblBase[QTD],tblBase[Coordenador],$A13)) | C13: =IF($A13="","",SUMIFS(tblBase[Valor_Total],tblBase[Coordenador],$A13)) | D13: =IF($A13="","",SUMIFS(tblBase[QTD],tblBase[Coordenador],$A13,tblBase[Grupo_Status],"Concluído")) | E13: =IFERROR(D13/B13,"") | F13: =IF($A13="","",SUMIFS(tblBase[QTD],tblBase[Coordenador],$A13,tblBase[Grupo_Status],"Pendente")+SUMIFS(tblBase[QTD],tblBase[Coordenador],$A13,tblBase[Grupo_Status],"Em andamento"))
B14: =IF($A14="","",SUMIFS(tblBase[QTD],tblBase[Coordenador],$A14)) | C14: =IF($A14="","",SUMIFS(tblBase[Valor_Total],tblBase[Coordenador],$A14)) | D14: =IF($A14="","",SUMIFS(tblBase[QTD],tblBase[Coordenador],$A14,tblBase[Grupo_Status],"Concluído")) | E14: =IFERROR(D14/B14,"") | F14: =IF($A14="","",SUMIFS(tblBase[QTD],tblBase[Coordenador],$A14,tblBase[Grupo_Status],"Pendente")+SUMIFS(tblBase[QTD],tblBase[Coordenador],$A14,tblBase[Grupo_Status],"Em andamento"))
B15: =IF($A15="","",SUMIFS(tblBase[QTD],tblBase[Coordenador],$A15)) | C15: =IF($A15="","",SUMIFS(tblBase[Valor_Total],tblBase[Coordenador],$A15)) | D15: =IF($A15="","",SUMIFS(tblBase[QTD],tblBase[Coordenador],$A15,tblBase[Grupo_Status],"Concluído")) | E15: =IFERROR(D15/B15,"") | F15: =IF($A15="","",SUMIFS(tblBase[QTD],tblBase[Coordenador],$A15,tblBase[Grupo_Status],"Pendente")+SUMIFS(tblBase[QTD],tblBase[Coordenador],$A15,tblBase[Grupo_Status],"Em andamento"))
B16: =IF($A16="","",SUMIFS(tblBase[QTD],tblBase[Coordenador],$A16)) | C16: =IF($A16="","",SUMIFS(tblBase[Valor_Total],tblBase[Coordenador],$A16)) | D16: =IF($A16="","",SUMIFS(tblBase[QTD],tblBase[Coordenador],$A16,tblBase[Grupo_Status],"Concluído")) | E16: =IFERROR(D16/B16,"") | F16: =IF($A16="","",SUMIFS(tblBase[QTD],tblBase[Coordenador],$A16,tblBase[Grupo_Status],"Pendente")+SUMIFS(tblBase[QTD],tblBase[Coordenador],$A16,tblBase[Grupo_Status],"Em andamento"))
B17: =IF($A17="","",SUMIFS(tblBase[QTD],tblBase[Coordenador],$A17)) | C17: =IF($A17="","",SUMIFS(tblBase[Valor_Total],tblBase[Coordenador],$A17)) | D17: =IF($A17="","",SUMIFS(tblBase[QTD],tblBase[Coordenador],$A17,tblBase[Grupo_Status],"Concluído")) | E17: =IFERROR(D17/B17,"") | F17: =IF($A17="","",SUMIFS(tblBase[QTD],tblBase[Coordenador],$A17,tblBase[Grupo_Status],"Pendente")+SUMIFS(tblBase[QTD],tblBase[Coordenador],$A17,tblBase[Grupo_Status],"Em andamento"))
B18: =IF($A18="","",SUMIFS(tblBase[QTD],tblBase[Coordenador],$A18)) | C18: =IF($A18="","",SUMIFS(tblBase[Valor_Total],tblBase[Coordenador],$A18)) | D18: =IF($A18="","",SUMIFS(tblBase[QTD],tblBase[Coordenador],$A18,tblBase[Grupo_Status],"Concluído")) | E18: =IFERROR(D18/B18,"") | F18: =IF($A18="","",SUMIFS(tblBase[QTD],tblBase[Coordenador],$A18,tblBase[Grupo_Status],"Pendente")+SUMIFS(tblBase[QTD],tblBase[Coordenador],$A18,tblBase[Grupo_Status],"Em andamento"))
B19: =IF($A19="","",SUMIFS(tblBase[QTD],tblBase[Coordenador],$A19)) | C19: =IF($A19="","",SUMIFS(tblBase[Valor_Total],tblBase[Coordenador],$A19)) | D19: =IF($A19="","",SUMIFS(tblBase[QTD],tblBase[Coordenador],$A19,tblBase[Grupo_Status],"Concluído")) | E19: =IFERROR(D19/B19,"") | F19: =IF($A19="","",SUMIFS(tblBase[QTD],tblBase[Coordenador],$A19,tblBase[Grupo_Status],"Pendente")+SUMIFS(tblBase[QTD],tblBase[Coordenador],$A19,tblBase[Grupo_Status],"Em andamento"))
B20: =IF($A20="","",SUMIFS(tblBase[QTD],tblBase[Coordenador],$A20)) | C20: =IF($A20="","",SUMIFS(tblBase[Valor_Total],tblBase[Coordenador],$A20)) | D20: =IF($A20="","",SUMIFS(tblBase[QTD],tblBase[Coordenador],$A20,tblBase[Grupo_Status],"Concluído")) | E20: =IFERROR(D20/B20,"") | F20: =IF($A20="","",SUMIFS(tblBase[QTD],tblBase[Coordenador],$A20,tblBase[Grupo_Status],"Pendente")+SUMIFS(tblBase[QTD],tblBase[Coordenador],$A20,tblBase[Grupo_Status],"Em andamento"))
B21: =IF($A21="","",SUMIFS(tblBase[QTD],tblBase[Coordenador],$A21)) | C21: =IF($A21="","",SUMIFS(tblBase[Valor_Total],tblBase[Coordenador],$A21)) | D21: =IF($A21="","",SUMIFS(tblBase[QTD],tblBase[Coordenador],$A21,tblBase[Grupo_Status],"Concluído")) | E21: =IFERROR(D21/B21,"") | F21: =IF($A21="","",SUMIFS(tblBase[QTD],tblBase[Coordenador],$A21,tblBase[Grupo_Status],"Pendente")+SUMIFS(tblBase[QTD],tblBase[Coordenador],$A21,tblBase[Grupo_Status],"Em andamento"))
B22: =IF($A22="","",SUMIFS(tblBase[QTD],tblBase[Coordenador],$A22)) | C22: =IF($A22="","",SUMIFS(tblBase[Valor_Total],tblBase[Coordenador],$A22)) | D22: =IF($A22="","",SUMIFS(tblBase[QTD],tblBase[Coordenador],$A22,tblBase[Grupo_Status],"Concluído")) | E22: =IFERROR(D22/B22,"") | F22: =IF($A22="","",SUMIFS(tblBase[QTD],tblBase[Coordenador],$A22,tblBase[Grupo_Status],"Pendente")+SUMIFS(tblBase[QTD],tblBase[Coordenador],$A22,tblBase[Grupo_Status],"Em andamento"))
... B25: =IF($A25="","",SUMIFS(tblBase[QTD],tblBase[Coordenador],$A25)) | C25: =IF($A25="","",SUMIFS(tblBase[Valor_Total],tblBase[Coordenador],$A25)) | D25: =IF($A25="","",SUMIFS(tblBase[QTD],tblBase[Coordenador],$A25,tblBase[Grupo_Status],"Concluído")) | E25: =IFERROR(D25/B25,"") | F25: =IF($A25="","",SUMIFS(tblBase[QTD],tblBase[Coordenador],$A25,tblBase[Grupo_Status],"Pendente")+SUMIFS(tblBase[QTD],tblBase[Coordenador],$A25,tblBase[Grupo_Status],"Em andamento"))
A26: Total da base | B26: =SUM(tblBase[QTD]) | C26: =SUM(tblBase[Valor_Total]) | D26: =SUMIFS(tblBase[QTD],tblBase[Grupo_Status],"Concluído") | E26: =IFERROR(D26/B26,"") | F26: =SUMIFS(tblBase[QTD],tblBase[Grupo_Status],"Pendente")+SUMIFS(tblBase[QTD],tblBase[Grupo_Status],"Em andamento")
A27: Não listado acima (categoria nova) | B27: =B26-SUM(B4:B25) | C27: =C26-SUM(C4:C25) | D27: =D26-SUM(D4:D25) | F27: =F26-SUM(F4:F25)

Sheet Resumo_UF
A1: Volume por UF
A2: Digite uma nova categoria nas linhas em branco no fim da lista: as fórmulas já estão prontas.
A3: Categoria | B3: Itens | C3: Valor total (R$) | D3: Devolvidos | E3: % devolvido | F3: Em aberto
A4: AC | B4: =IF($A4="","",SUMIFS(tblBase[QTD],tblBase[UF],$A4)) | C4: =IF($A4="","",SUMIFS(tblBase[Valor_Total],tblBase[UF],$A4)) | D4: =IF($A4="","",SUMIFS(tblBase[QTD],tblBase[UF],$A4,tblBase[Grupo_Status],"Concluído")) | E4: =IFERROR(D4/B4,"") | F4: =IF($A4="","",SUMIFS(tblBase[QTD],tblBase[UF],$A4,tblBase[Grupo_Status],"Pendente")+SUMIFS(tblBase[QTD],tblBase[UF],$A4,tblBase[Grupo_Status],"Em andamento"))
A5: AL | B5: =IF($A5="","",SUMIFS(tblBase[QTD],tblBase[UF],$A5)) | C5: =IF($A5="","",SUMIFS(tblBase[Valor_Total],tblBase[UF],$A5)) | D5: =IF($A5="","",SUMIFS(tblBase[QTD],tblBase[UF],$A5,tblBase[Grupo_Status],"Concluído")) | E5: =IFERROR(D5/B5,"") | F5: =IF($A5="","",SUMIFS(tblBase[QTD],tblBase[UF],$A5,tblBase[Grupo_Status],"Pendente")+SUMIFS(tblBase[QTD],tblBase[UF],$A5,tblBase[Grupo_Status],"Em andamento"))
A6: AM | B6: =IF($A6="","",SUMIFS(tblBase[QTD],tblBase[UF],$A6)) | C6: =IF($A6="","",SUMIFS(tblBase[Valor_Total],tblBase[UF],$A6)) | D6: =IF($A6="","",SUMIFS(tblBase[QTD],tblBase[UF],$A6,tblBase[Grupo_Status],"Concluído")) | E6: =IFERROR(D6/B6,"") | F6: =IF($A6="","",SUMIFS(tblBase[QTD],tblBase[UF],$A6,tblBase[Grupo_Status],"Pendente")+SUMIFS(tblBase[QTD],tblBase[UF],$A6,tblBase[Grupo_Status],"Em andamento"))
A7: AP | B7: =IF($A7="","",SUMIFS(tblBase[QTD],tblBase[UF],$A7)) | C7: =IF($A7="","",SUMIFS(tblBase[Valor_Total],tblBase[UF],$A7)) | D7: =IF($A7="","",SUMIFS(tblBase[QTD],tblBase[UF],$A7,tblBase[Grupo_Status],"Concluído")) | E7: =IFERROR(D7/B7,"") | F7: =IF($A7="","",SUMIFS(tblBase[QTD],tblBase[UF],$A7,tblBase[Grupo_Status],"Pendente")+SUMIFS(tblBase[QTD],tblBase[UF],$A7,tblBase[Grupo_Status],"Em andamento"))
A8: BA | B8: =IF($A8="","",SUMIFS(tblBase[QTD],tblBase[UF],$A8)) | C8: =IF($A8="","",SUMIFS(tblBase[Valor_Total],tblBase[UF],$A8)) | D8: =IF($A8="","",SUMIFS(tblBase[QTD],tblBase[UF],$A8,tblBase[Grupo_Status],"Concluído")) | E8: =IFERROR(D8/B8,"") | F8: =IF($A8="","",SUMIFS(tblBase[QTD],tblBase[UF],$A8,tblBase[Grupo_Status],"Pendente")+SUMIFS(tblBase[QTD],tblBase[UF],$A8,tblBase[Grupo_Status],"Em andamento"))
A9: CE | B9: =IF($A9="","",SUMIFS(tblBase[QTD],tblBase[UF],$A9)) | C9: =IF($A9="","",SUMIFS(tblBase[Valor_Total],tblBase[UF],$A9)) | D9: =IF($A9="","",SUMIFS(tblBase[QTD],tblBase[UF],$A9,tblBase[Grupo_Status],"Concluído")) | E9: =IFERROR(D9/B9,"") | F9: =IF($A9="","",SUMIFS(tblBase[QTD],tblBase[UF],$A9,tblBase[Grupo_Status],"Pendente")+SUMIFS(tblBase[QTD],tblBase[UF],$A9,tblBase[Grupo_Status],"Em andamento"))
A10: DF | B10: =IF($A10="","",SUMIFS(tblBase[QTD],tblBase[UF],$A10)) | C10: =IF($A10="","",SUMIFS(tblBase[Valor_Total],tblBase[UF],$A10)) | D10: =IF($A10="","",SUMIFS(tblBase[QTD],tblBase[UF],$A10,tblBase[Grupo_Status],"Concluído")) | E10: =IFERROR(D10/B10,"") | F10: =IF($A10="","",SUMIFS(tblBase[QTD],tblBase[UF],$A10,tblBase[Grupo_Status],"Pendente")+SUMIFS(tblBase[QTD],tblBase[UF],$A10,tblBase[Grupo_Status],"Em andamento"))
A11: ES | B11: =IF($A11="","",SUMIFS(tblBase[QTD],tblBase[UF],$A11)) | C11: =IF($A11="","",SUMIFS(tblBase[Valor_Total],tblBase[UF],$A11)) | D11: =IF($A11="","",SUMIFS(tblBase[QTD],tblBase[UF],$A11,tblBase[Grupo_Status],"Concluído")) | E11: =IFERROR(D11/B11,"") | F11: =IF($A11="","",SUMIFS(tblBase[QTD],tblBase[UF],$A11,tblBase[Grupo_Status],"Pendente")+SUMIFS(tblBase[QTD],tblBase[UF],$A11,tblBase[Grupo_Status],"Em andamento"))
A12: GO | B12: =IF($A12="","",SUMIFS(tblBase[QTD],tblBase[UF],$A12)) | C12: =IF($A12="","",SUMIFS(tblBase[Valor_Total],tblBase[UF],$A12)) | D12: =IF($A12="","",SUMIFS(tblBase[QTD],tblBase[UF],$A12,tblBase[Grupo_Status],"Concluído")) | E12: =IFERROR(D12/B12,"") | F12: =IF($A12="","",SUMIFS(tblBase[QTD],tblBase[UF],$A12,tblBase[Grupo_Status],"Pendente")+SUMIFS(tblBase[QTD],tblBase[UF],$A12,tblBase[Grupo_Status],"Em andamento"))
A13: MA | B13: =IF($A13="","",SUMIFS(tblBase[QTD],tblBase[UF],$A13)) | C13: =IF($A13="","",SUMIFS(tblBase[Valor_Total],tblBase[UF],$A13)) | D13: =IF($A13="","",SUMIFS(tblBase[QTD],tblBase[UF],$A13,tblBase[Grupo_Status],"Concluído")) | E13: =IFERROR(D13/B13,"") | F13: =IF($A13="","",SUMIFS(tblBase[QTD],tblBase[UF],$A13,tblBase[Grupo_Status],"Pendente")+SUMIFS(tblBase[QTD],tblBase[UF],$A13,tblBase[Grupo_Status],"Em andamento"))
A14: MG | B14: =IF($A14="","",SUMIFS(tblBase[QTD],tblBase[UF],$A14)) | C14: =IF($A14="","",SUMIFS(tblBase[Valor_Total],tblBase[UF],$A14)) | D14: =IF($A14="","",SUMIFS(tblBase[QTD],tblBase[UF],$A14,tblBase[Grupo_Status],"Concluído")) | E14: =IFERROR(D14/B14,"") | F14: =IF($A14="","",SUMIFS(tblBase[QTD],tblBase[UF],$A14,tblBase[Grupo_Status],"Pendente")+SUMIFS(tblBase[QTD],tblBase[UF],$A14,tblBase[Grupo_Status],"Em andamento"))
A15: MS | B15: =IF($A15="","",SUMIFS(tblBase[QTD],tblBase[UF],$A15)) | C15: =IF($A15="","",SUMIFS(tblBase[Valor_Total],tblBase[UF],$A15)) | D15: =IF($A15="","",SUMIFS(tblBase[QTD],tblBase[UF],$A15,tblBase[Grupo_Status],"Concluído")) | E15: =IFERROR(D15/B15,"") | F15: =IF($A15="","",SUMIFS(tblBase[QTD],tblBase[UF],$A15,tblBase[Grupo_Status],"Pendente")+SUMIFS(tblBase[QTD],tblBase[UF],$A15,tblBase[Grupo_Status],"Em andamento"))
... A30: TO | B30: =IF($A30="","",SUMIFS(tblBase[QTD],tblBase[UF],$A30)) | C30: =IF($A30="","",SUMIFS(tblBase[Valor_Total],tblBase[UF],$A30)) | D30: =IF($A30="","",SUMIFS(tblBase[QTD],tblBase[UF],$A30,tblBase[Grupo_Status],"Concluído")) | E30: =IFERROR(D30/B30,"") | F30: =IF($A30="","",SUMIFS(tblBase[QTD],tblBase[UF],$A30,tblBase[Grupo_Status],"Pendente")+SUMIFS(tblBase[QTD],tblBase[UF],$A30,tblBase[Grupo_Status],"Em andamento"))
B31: =IF($A31="","",SUMIFS(tblBase[QTD],tblBase[UF],$A31)) | C31: =IF($A31="","",SUMIFS(tblBase[Valor_Total],tblBase[UF],$A31)) | D31: =IF($A31="","",SUMIFS(tblBase[QTD],tblBase[UF],$A31,tblBase[Grupo_Status],"Concluído")) | E31: =IFERROR(D31/B31,"") | F31: =IF($A31="","",SUMIFS(tblBase[QTD],tblBase[UF],$A31,tblBase[Grupo_Status],"Pendente")+SUMIFS(tblBase[QTD],tblBase[UF],$A31,tblBase[Grupo_Status],"Em andamento"))
B32: =IF($A32="","",SUMIFS(tblBase[QTD],tblBase[UF],$A32)) | C32: =IF($A32="","",SUMIFS(tblBase[Valor_Total],tblBase[UF],$A32)) | D32: =IF($A32="","",SUMIFS(tblBase[QTD],tblBase[UF],$A32,tblBase[Grupo_Status],"Concluído")) | E32: =IFERROR(D32/B32,"") | F32: =IF($A32="","",SUMIFS(tblBase[QTD],tblBase[UF],$A32,tblBase[Grupo_Status],"Pendente")+SUMIFS(tblBase[QTD],tblBase[UF],$A32,tblBase[Grupo_Status],"Em andamento"))
B33: =IF($A33="","",SUMIFS(tblBase[QTD],tblBase[UF],$A33)) | C33: =IF($A33="","",SUMIFS(tblBase[Valor_Total],tblBase[UF],$A33)) | D33: =IF($A33="","",SUMIFS(tblBase[QTD],tblBase[UF],$A33,tblBase[Grupo_Status],"Concluído")) | E33: =IFERROR(D33/B33,"") | F33: =IF($A33="","",SUMIFS(tblBase[QTD],tblBase[UF],$A33,tblBase[Grupo_Status],"Pendente")+SUMIFS(tblBase[QTD],tblBase[UF],$A33,tblBase[Grupo_Status],"Em andamento"))
B34: =IF($A34="","",SUMIFS(tblBase[QTD],tblBase[UF],$A34)) | C34: =IF($A34="","",SUMIFS(tblBase[Valor_Total],tblBase[UF],$A34)) | D34: =IF($A34="","",SUMIFS(tblBase[QTD],tblBase[UF],$A34,tblBase[Grupo_Status],"Concluído")) | E34: =IFERROR(D34/B34,"") | F34: =IF($A34="","",SUMIFS(tblBase[QTD],tblBase[UF],$A34,tblBase[Grupo_Status],"Pendente")+SUMIFS(tblBase[QTD],tblBase[UF],$A34,tblBase[Grupo_Status],"Em andamento"))
B35: =IF($A35="","",SUMIFS(tblBase[QTD],tblBase[UF],$A35)) | C35: =IF($A35="","",SUMIFS(tblBase[Valor_Total],tblBase[UF],$A35)) | D35: =IF($A35="","",SUMIFS(tblBase[QTD],tblBase[UF],$A35,tblBase[Grupo_Status],"Concluído")) | E35: =IFERROR(D35/B35,"") | F35: =IF($A35="","",SUMIFS(tblBase[QTD],tblBase[UF],$A35,tblBase[Grupo_Status],"Pendente")+SUMIFS(tblBase[QTD],tblBase[UF],$A35,tblBase[Grupo_Status],"Em andamento"))
A36: Total da base | B36: =SUM(tblBase[QTD]) | C36: =SUM(tblBase[Valor_Total]) | D36: =SUMIFS(tblBase[QTD],tblBase[Grupo_Status],"Concluído") | E36: =IFERROR(D36/B36,"") | F36: =SUMIFS(tblBase[QTD],tblBase[Grupo_Status],"Pendente")+SUMIFS(tblBase[QTD],tblBase[Grupo_Status],"Em andamento")
A37: Não listado acima (categoria nova) | B37: =B36-SUM(B4:B35) | C37: =C36-SUM(C4:C35) | D37: =D36-SUM(D4:D35) | F37: =F36-SUM(F4:F35)

Sheet Top_Pecas
A1: Peças com maior volume (edite os códigos da coluna A; o restante é fórmula)
A3: Código | B3: Descrição | C3: Itens | D3: Valor total (R$) | E3: Em aberto
A4: PC-0001 | B4: =IFERROR(INDEX(tblValores[Peça],MATCH($A4,tblValores[Cód. Peça],0)),"") | C4: =IF($A4="","",SUMIFS(tblBase[QTD],tblBase[Codigo_Peca],$A4)) | D4: =IF($A4="","",SUMIFS(tblBase[Valor_Total],tblBase[Codigo_Peca],$A4)) | E4: =IF($A4="","",SUMIFS(tblBase[QTD],tblBase[Codigo_Peca],$A4,tblBase[Grupo_Status],"Pendente")+SUMIFS(tblBase[QTD],tblBase[Codigo_Peca],$A4,tblBase[Grupo_Status],"Em andamento"))
A5: PC-0002 | B5: =IFERROR(INDEX(tblValores[Peça],MATCH($A5,tblValores[Cód. Peça],0)),"") | C5: =IF($A5="","",SUMIFS(tblBase[QTD],tblBase[Codigo_Peca],$A5)) | D5: =IF($A5="","",SUMIFS(tblBase[Valor_Total],tblBase[Codigo_Peca],$A5)) | E5: =IF($A5="","",SUMIFS(tblBase[QTD],tblBase[Codigo_Peca],$A5,tblBase[Grupo_Status],"Pendente")+SUMIFS(tblBase[QTD],tblBase[Codigo_Peca],$A5,tblBase[Grupo_Status],"Em andamento"))
A6: PC-0003 | B6: =IFERROR(INDEX(tblValores[Peça],MATCH($A6,tblValores[Cód. Peça],0)),"") | C6: =IF($A6="","",SUMIFS(tblBase[QTD],tblBase[Codigo_Peca],$A6)) | D6: =IF($A6="","",SUMIFS(tblBase[Valor_Total],tblBase[Codigo_Peca],$A6)) | E6: =IF($A6="","",SUMIFS(tblBase[QTD],tblBase[Codigo_Peca],$A6,tblBase[Grupo_Status],"Pendente")+SUMIFS(tblBase[QTD],tblBase[Codigo_Peca],$A6,tblBase[Grupo_Status],"Em andamento"))
A7: PC-0004 | B7: =IFERROR(INDEX(tblValores[Peça],MATCH($A7,tblValores[Cód. Peça],0)),"") | C7: =IF($A7="","",SUMIFS(tblBase[QTD],tblBase[Codigo_Peca],$A7)) | D7: =IF($A7="","",SUMIFS(tblBase[Valor_Total],tblBase[Codigo_Peca],$A7)) | E7: =IF($A7="","",SUMIFS(tblBase[QTD],tblBase[Codigo_Peca],$A7,tblBase[Grupo_Status],"Pendente")+SUMIFS(tblBase[QTD],tblBase[Codigo_Peca],$A7,tblBase[Grupo_Status],"Em andamento"))
A8: PC-0005 | B8: =IFERROR(INDEX(tblValores[Peça],MATCH($A8,tblValores[Cód. Peça],0)),"") | C8: =IF($A8="","",SUMIFS(tblBase[QTD],tblBase[Codigo_Peca],$A8)) | D8: =IF($A8="","",SUMIFS(tblBase[Valor_Total],tblBase[Codigo_Peca],$A8)) | E8: =IF($A8="","",SUMIFS(tblBase[QTD],tblBase[Codigo_Peca],$A8,tblBase[Grupo_Status],"Pendente")+SUMIFS(tblBase[QTD],tblBase[Codigo_Peca],$A8,tblBase[Grupo_Status],"Em andamento"))
A9: PC-0006 | B9: =IFERROR(INDEX(tblValores[Peça],MATCH($A9,tblValores[Cód. Peça],0)),"") | C9: =IF($A9="","",SUMIFS(tblBase[QTD],tblBase[Codigo_Peca],$A9)) | D9: =IF($A9="","",SUMIFS(tblBase[Valor_Total],tblBase[Codigo_Peca],$A9)) | E9: =IF($A9="","",SUMIFS(tblBase[QTD],tblBase[Codigo_Peca],$A9,tblBase[Grupo_Status],"Pendente")+SUMIFS(tblBase[QTD],tblBase[Codigo_Peca],$A9,tblBase[Grupo_Status],"Em andamento"))
A10: PC-0007 | B10: =IFERROR(INDEX(tblValores[Peça],MATCH($A10,tblValores[Cód. Peça],0)),"") | C10: =IF($A10="","",SUMIFS(tblBase[QTD],tblBase[Codigo_Peca],$A10)) | D10: =IF($A10="","",SUMIFS(tblBase[Valor_Total],tblBase[Codigo_Peca],$A10)) | E10: =IF($A10="","",SUMIFS(tblBase[QTD],tblBase[Codigo_Peca],$A10,tblBase[Grupo_Status],"Pendente")+SUMIFS(tblBase[QTD],tblBase[Codigo_Peca],$A10,tblBase[Grupo_Status],"Em andamento"))
A11: PC-0008 | B11: =IFERROR(INDEX(tblValores[Peça],MATCH($A11,tblValores[Cód. Peça],0)),"") | C11: =IF($A11="","",SUMIFS(tblBase[QTD],tblBase[Codigo_Peca],$A11)) | D11: =IF($A11="","",SUMIFS(tblBase[Valor_Total],tblBase[Codigo_Peca],$A11)) | E11: =IF($A11="","",SUMIFS(tblBase[QTD],tblBase[Codigo_Peca],$A11,tblBase[Grupo_Status],"Pendente")+SUMIFS(tblBase[QTD],tblBase[Codigo_Peca],$A11,tblBase[Grupo_Status],"Em andamento"))
A12: PC-0009 | B12: =IFERROR(INDEX(tblValores[Peça],MATCH($A12,tblValores[Cód. Peça],0)),"") | C12: =IF($A12="","",SUMIFS(tblBase[QTD],tblBase[Codigo_Peca],$A12)) | D12: =IF($A12="","",SUMIFS(tblBase[Valor_Total],tblBase[Codigo_Peca],$A12)) | E12: =IF($A12="","",SUMIFS(tblBase[QTD],tblBase[Codigo_Peca],$A12,tblBase[Grupo_Status],"Pendente")+SUMIFS(tblBase[QTD],tblBase[Codigo_Peca],$A12,tblBase[Grupo_Status],"Em andamento"))
A13: PC-0010 | B13: =IFERROR(INDEX(tblValores[Peça],MATCH($A13,tblValores[Cód. Peça],0)),"") | C13: =IF($A13="","",SUMIFS(tblBase[QTD],tblBase[Codigo_Peca],$A13)) | D13: =IF($A13="","",SUMIFS(tblBase[Valor_Total],tblBase[Codigo_Peca],$A13)) | E13: =IF($A13="","",SUMIFS(tblBase[QTD],tblBase[Codigo_Peca],$A13,tblBase[Grupo_Status],"Pendente")+SUMIFS(tblBase[QTD],tblBase[Codigo_Peca],$A13,tblBase[Grupo_Status],"Em andamento"))
A14: PC-0011 | B14: =IFERROR(INDEX(tblValores[Peça],MATCH($A14,tblValores[Cód. Peça],0)),"") | C14: =IF($A14="","",SUMIFS(tblBase[QTD],tblBase[Codigo_Peca],$A14)) | D14: =IF($A14="","",SUMIFS(tblBase[Valor_Total],tblBase[Codigo_Peca],$A14)) | E14: =IF($A14="","",SUMIFS(tblBase[QTD],tblBase[Codigo_Peca],$A14,tblBase[Grupo_Status],"Pendente")+SUMIFS(tblBase[QTD],tblBase[Codigo_Peca],$A14,tblBase[Grupo_Status],"Em andamento"))
A15: PC-0012 | B15: =IFERROR(INDEX(tblValores[Peça],MATCH($A15,tblValores[Cód. Peça],0)),"") | C15: =IF($A15="","",SUMIFS(tblBase[QTD],tblBase[Codigo_Peca],$A15)) | D15: =IF($A15="","",SUMIFS(tblBase[Valor_Total],tblBase[Codigo_Peca],$A15)) | E15: =IF($A15="","",SUMIFS(tblBase[QTD],tblBase[Codigo_Peca],$A15,tblBase[Grupo_Status],"Pendente")+SUMIFS(tblBase[QTD],tblBase[Codigo_Peca],$A15,tblBase[Grupo_Status],"Em andamento"))
... A28: PC-0025 | B28: =IFERROR(INDEX(tblValores[Peça],MATCH($A28,tblValores[Cód. Peça],0)),"") | C28: =IF($A28="","",SUMIFS(tblBase[QTD],tblBase[Codigo_Peca],$A28)) | D28: =IF($A28="","",SUMIFS(tblBase[Valor_Total],tblBase[Codigo_Peca],$A28)) | E28: =IF($A28="","",SUMIFS(tblBase[QTD],tblBase[Codigo_Peca],$A28,tblBase[Grupo_Status],"Pendente")+SUMIFS(tblBase[QTD],tblBase[Codigo_Peca],$A28,tblBase[Grupo_Status],"Em andamento"))

Sheet Aging_Pendentes
A1: Aging dos itens em aberto — pendentes e em andamento (dias desde o encerramento do chamado)
A3: Faixa | B3: Itens | C3: Valor em risco (R$)
A4: 0-30 dias | B4: =SUMIFS(tblBase[QTD],tblBase[Faixa_Aging],$A4) | C4: =SUMIFS(tblBase[Valor_Total],tblBase[Faixa_Aging],$A4)
A5: 31-60 dias | B5: =SUMIFS(tblBase[QTD],tblBase[Faixa_Aging],$A5) | C5: =SUMIFS(tblBase[Valor_Total],tblBase[Faixa_Aging],$A5)
A6: 61-90 dias | B6: =SUMIFS(tblBase[QTD],tblBase[Faixa_Aging],$A6) | C6: =SUMIFS(tblBase[Valor_Total],tblBase[Faixa_Aging],$A6)
A7: Mais de 90 dias | B7: =SUMIFS(tblBase[QTD],tblBase[Faixa_Aging],$A7) | C7: =SUMIFS(tblBase[Valor_Total],tblBase[Faixa_Aging],$A7)

Sheet Base_Valores
A1: Cód. Peça | B1: Peça | C1: Valor Unitário (Débito) | D1: Família | E1: Descrição da família | F1: Cód Genérico | G1: Valor unitário de devolução | H1: Tipo
A2: PC-0001 | B2: Compressor modelo 01 | C2: 325 | D2: COMPRESSOR | E2: COMPRESSOR - RETORNO EM GARANTIA | F2: PG-COM | G2: 32 | H2: Refrigeradores
A3: PC-0002 | B3: Compressor modelo 02 | C3: 315 | D3: COMPRESSOR | E3: COMPRESSOR - RETORNO EM GARANTIA | F3: PG-COM | G3: 32 | H3: Refrigeradores
A4: PC-0003 | B4: Compressor modelo 03 | C4: 330 | D4: COMPRESSOR | E4: COMPRESSOR - RETORNO EM GARANTIA | F4: PG-COM | G4: 32 | H4: Refrigeradores
A5: PC-0004 | B5: Termostato modelo 01 | C5: 40 | D5: TERMOSTATO | E5: TERMOSTATO - RETORNO EM GARANTIA | F5: PG-TER | G5: 4.5 | H5: Refrigeradores
A6: PC-0005 | B6: Termostato modelo 02 | C6: 40 | D6: TERMOSTATO | E6: TERMOSTATO - RETORNO EM GARANTIA | F6: PG-TER | G6: 4.5 | H6: Refrigeradores
A7: PC-0006 | B7: Termostato modelo 03 | C7: 50 | D7: TERMOSTATO | E7: TERMOSTATO - RETORNO EM GARANTIA | F7: PG-TER | G7: 4.5 | H7: Refrigeradores
A8: PC-0007 | B8: Ventilador modelo 01 | C8: 55 | D8: VENTILADOR | E8: VENTILADOR - RETORNO EM GARANTIA | F8: PG-VEN | G8: 6 | H8: Refrigeradores
A9: PC-0008 | B9: Ventilador modelo 02 | C9: 55 | D9: VENTILADOR | E9: VENTILADOR - RETORNO EM GARANTIA | F9: PG-VEN | G9: 6 | H9: Refrigeradores
A10: PC-0009 | B10: Ventilador modelo 03 | C10: 70 | D10: VENTILADOR | E10: VENTILADOR - RETORNO EM GARANTIA | F10: PG-VEN | G10: 6 | H10: Refrigeradores
A11: PC-0010 | B11: Ventilador modelo 04 | C11: 65 | D11: VENTILADOR | E11: VENTILADOR - RETORNO EM GARANTIA | F11: PG-VEN | G11: 6 | H11: Refrigeradores
A12: PC-0011 | B12: Placa eletrônica modelo 01 | C12: 190 | D12: PLACA ELETRÔNICA | E12: PLACA ELETRÔNICA - RETORNO EM GARANTIA | F12: PG-PLA | G12: 18 | H12: Refrigeradores
A13: PC-0012 | B13: Placa eletrônica modelo 02 | C13: 175 | D13: PLACA ELETRÔNICA | E13: PLACA ELETRÔNICA - RETORNO EM GARANTIA | F13: PG-PLA | G13: 18 | H13: Refrigeradores
... A49: PC-0048 | B49: Sensor de nível modelo 04 | C49: 60 | D49: SENSOR DE NÍVEL | E49: SENSOR DE NÍVEL - RETORNO EM GARANTIA | F49: PG-SEN | G49: 5.5 | H49: Misturadores

Sheet STAs
A1: UF | B1: ESTADO COMPLETO | C1: STA | D1: Região | E1: Coordenador | F1: Cód STA | G1: Email | H1: Data_Cadastro | I1: STA ativa? | J1: MEI? | K1: E-mail válido?
A2: SP | B2: São Paulo | C2: Cool Service ME (10010) | D2: Sudeste | E2: SUDESTE SP | F2: 10010 | G2: cool.service.me@exemplo.com.br | H2: 45396 | I2: Sim | J2: Sim | K2: =IF(AND(G2<>"",ISNUMBER(FIND("@",G2)),ISNUMBER(FIND(".",G2))),"Sim","Não")
A3: DF | B3: Distrito Federal | C3: Termotec Técnica (10021) | D3: Centro-Oeste | E3: CENTRO OESTE | F3: 10021 | G3: termotec.tecnica@exemplo.com.br | H3: 45319 | I3: Sim | J3: Não | K3: =IF(AND(G3<>"",ISNUMBER(FIND("@",G3)),ISNUMBER(FIND(".",G3))),"Sim","Não")
A4: SP | B4: São Paulo | C4: Refrigel Manutenção (10111) | D4: Sudeste | E4: SUDESTE SP | F4: 10111 | G4: refrigel.manutencao@exemplo.com.br | H4: 45298 | I4: Sim | J4: Não | K4: =IF(AND(G4<>"",ISNUMBER(FIND("@",G4)),ISNUMBER(FIND(".",G4))),"Sim","Não")
A5: RO | B5: Rondônia | C5: Frigo Serviços (10172) | D5: Norte | E5: NORTE | F5: 10172 | G5: frigo.servicos@exemplo.com.br | H5: 45636 | I5: Sim | J5: Não | K5: =IF(AND(G5<>"",ISNUMBER(FIND("@",G5)),ISNUMBER(FIND(".",G5))),"Sim","Não")
A6: MT | B6: Mato Grosso | C6: Assistência Técnica ME (10227) | D6: Centro-Oeste | E6: CENTRO OESTE | F6: 10227 | G6: assistencia.tecnica.me@exemplo.com.br | H6: 45336 | I6: Sim | J6: Não | K6: =IF(AND(G6<>"",ISNUMBER(FIND("@",G6)),ISNUMBER(FIND(".",G6))),"Sim","Não")
A7: MS | B7: Mato Grosso do Sul | C7: Ice Tech Express (10302) | D7: Centro-Oeste | E7: CENTRO OESTE | F7: 10302 | H7: 45662 | I7: Sim | J7: Não | K7: =IF(AND(G7<>"",ISNUMBER(FIND("@",G7)),ISNUMBER(FIND(".",G7))),"Sim","Não")
A8: GO | B8: Goiás | C8: Termotec Manutenção (10317) | D8: Centro-Oeste | E8: CENTRO OESTE | F8: 10317 | G8: termotec.manutencao@exemplo.com.br | H8: 45530 | I8: Sim | J8: Não | K8: =IF(AND(G8<>"",ISNUMBER(FIND("@",G8)),ISNUMBER(FIND(".",G8))),"Sim","Não")
A9: AC | B9: Acre | C9: Zero Grau ME (10372) | D9: Norte | E9: NORTE | F9: 10372 | G9: zero.grau.me@exemplo.com.br | H9: 45671 | I9: Sim | J9: Não | K9: =IF(AND(G9<>"",ISNUMBER(FIND("@",G9)),ISNUMBER(FIND(".",G9))),"Sim","Não")
A10: SP | B10: São Paulo | C10: Polar Manutenção (10413) | D10: Sudeste | E10: SUDESTE SP | F10: 10413 | G10: polar.manutencao@exemplo.com.br | H10: 45542 | I10: Sim | J10: Não | K10: =IF(AND(G10<>"",ISNUMBER(FIND("@",G10)),ISNUMBER(FIND(".",G10))),"Sim","Não")
A11: RR | B11: Roraima | C11: Clima Express (10468) | D11: Norte | E11: NORTE | F11: 10468 | G11: clima.express@exemplo.com.br | H11: 45624 | I11: Sim | J11: Não | K11: =IF(AND(G11<>"",ISNUMBER(FIND("@",G11)),ISNUMBER(FIND(".",G11))),"Sim","Não")
A12: PR | B12: Paraná | C12: Zero Grau Ltda (10504) | D12: Sul | E12: SUL | F12: 10504 | G12: zero.grau.ltda@exemplo.com.br | H12: 45359 | I12: Sim | J12: Não | K12: =IF(AND(G12<>"",ISNUMBER(FIND("@",G12)),ISNUMBER(FIND(".",G12))),"Sim","Não")
A13: SP | B13: São Paulo | C13: Frio Refrigeração (10538) | D13: Sudeste | E13: SUDESTE SP | F13: 10538 | G13: frio.refrigeracao@exemplo.com.br | H13: 45761 | I13: Sim | J13: Não | K13: =IF(AND(G13<>"",ISNUMBER(FIND("@",G13)),ISNUMBER(FIND(".",G13))),"Sim","Não")
A14: PI | B14: Piauí | C14: Clima & Cia (10562) | D14: Nordeste | E14: NORDESTE | F14: 10562 | G14: clima@exemplo.com.br | H14: 45730 | I14: Sim | J14: Não | K14: =IF(AND(G14<>"",ISNUMBER(FIND("@",G14)),ISNUMBER(FIND(".",G14))),"Sim","Não")
A15: CE | B15: Ceará | C15: Brisa Técnica (10615) | D15: Nordeste | E15: NORDESTE | F15: 10615 | G15: brisa.tecnica@exemplo.com.br | H15: 45340 | I15: Sim | J15: Sim | K15: =IF(AND(G15<>"",ISNUMBER(FIND("@",G15)),ISNUMBER(FIND(".",G15))),"Sim","Não")
A16: RJ | B16: Rio de Janeiro | C16: Clima Serviços (10676) | D16: Sudeste | E16: SUDESTE RJ e ES | F16: 10676 | G16: clima.servicos@exemplo.com.br | H16: 45771 | I16: Sim | J16: Não | K16: =IF(AND(G16<>"",ISNUMBER(FIND("@",G16)),ISNUMBER(FIND(".",G16))),"Sim","Não")
A17: PR | B17: Paraná | C17: Refrigel & Cia (10753) | D17: Sul | E17: SUL | F17: 10753 | G17: refrigel@exemplo.com.br | H17: 45841 | I17: Sim | J17: Sim | K17: =IF(AND(G17<>"",ISNUMBER(FIND("@",G17)),ISNUMBER(FIND(".",G17))),"Sim","Não")
A18: AM | B18: Amazonas | C18: Frigo & Cia (10842) | D18: Norte | E18: NORTE | F18: 10842 | G18: frigo@exemplo.com.br | H18: 45295 | I18: Sim | J18: Não | K18: =IF(AND(G18<>"",ISNUMBER(FIND("@",G18)),ISNUMBER(FIND(".",G18))),"Sim","Não")
A19: PR | B19: Paraná | C19: Ice Tech & Cia (10913) | D19: Sul | E19: SUL | F19: 10913 | G19: ice.tech@exemplo.com.br | H19: 45597 | I19: Sim | J19: Sim | K19: =IF(AND(G19<>"",ISNUMBER(FIND("@",G19)),ISNUMBER(FIND(".",G19))),"Sim","Não")
A20: TO | B20: Tocantins | C20: Zero Grau Manutenção (10939) | D20: Norte | E20: NORTE | F20: 10939 | G20: zero.grau.manutencao@exemplo.com.br | H20: 45835 | I20: Sim | J20: Não | K20: =IF(AND(G20<>"",ISNUMBER(FIND("@",G20)),ISNUMBER(FIND(".",G20))),"Sim","Não")
A21: AC | B21: Acre | C21: Brisa Ltda (11022) | D21: Norte | E21: NORTE | F21: 11022 | H21: 45606 | I21: Sim | J21: Não | K21: =IF(AND(G21<>"",ISNUMBER(FIND("@",G21)),ISNUMBER(FIND(".",G21))),"Sim","Não")
A22: RJ | B22: Rio de Janeiro | C22: Frio Ltda (11059) | D22: Sudeste | E22: SUDESTE RJ e ES | F22: 11059 | G22: frio.ltda@exemplo.com.br | H22: 45362 | I22: Sim | J22: Não | K22: =IF(AND(G22<>"",ISNUMBER(FIND("@",G22)),ISNUMBER(FIND(".",G22))),"Sim","Não")
A23: ES | B23: Espírito Santo | C23: Refrigel Serviços (11099) | D23: Sudeste | E23: SUDESTE RJ e ES | F23: 11099 | G23: refrigel.servicos@exemplo.com.br | H23: 45497 | I23: Sim | J23: Não | K23: =IF(AND(G23<>"",ISNUMBER(FIND("@",G23)),ISNUMBER(FIND(".",G23))),"Sim","Não")
A24: ES | B24: Espírito Santo | C24: Ártico Refrigeração (11162) | D24: Sudeste | E24: SUDESTE RJ e ES | F24: 11162 | G24: artico.refrigeracao@exemplo.com.br | H24: 45638 | I24: Sim | J24: Não | K24: =IF(AND(G24<>"",ISNUMBER(FIND("@",G24)),ISNUMBER(FIND(".",G24))),"Sim","Não")
A25: BA | B25: Bahia | C25: Refrigeração Manutenção (11244) | D25: Nordeste | E25: NORDESTE | F25: 11244 | H25: 45526 | I25: Sim | J25: Não | K25: =IF(AND(G25<>"",ISNUMBER(FIND("@",G25)),ISNUMBER(FIND(".",G25))),"Sim","Não")
A26: GO | B26: Goiás | C26: Assistência Técnica Ltda (11293) | D26: Centro-Oeste | E26: CENTRO OESTE | F26: 11293 | G26: assistencia.tecnica.ltda@exemplo.com.br | H26: 45844 | I26: Sim | J26: Não | K26: =IF(AND(G26<>"",ISNUMBER(FIND("@",G26)),ISNUMBER(FIND(".",G26))),"Sim","Não")
A27: PE | B27: Pernambuco | C27: Frio Express (11352) | D27: Nordeste | E27: NORDESTE | F27: 11352 | G27: frio.express@exemplo.com.br | H27: 45725 | I27: Sim | J27: Não | K27: =IF(AND(G27<>"",ISNUMBER(FIND("@",G27)),ISNUMBER(FIND(".",G27))),"Sim","Não")
A28: SP | B28: São Paulo | C28: Ártico Express (11365) | D28: Sudeste | E28: SUDESTE SP | F28: 11365 | H28: 45403 | I28: Sim | J28: Não | K28: =IF(AND(G28<>"",ISNUMBER(FIND("@",G28)),ISNUMBER(FIND(".",G28))),"Sim","Não")
A29: ES | B29: Espírito Santo | C29: Frio Manutenção (11396) | D29: Sudeste | E29: SUDESTE RJ e ES | F29: 11396 | G29: frio.manutencao@exemplo.com.br | H29: 45765 | I29: Sim | J29: Não | K29: =IF(AND(G29<>"",ISNUMBER(FIND("@",G29)),ISNUMBER(FIND(".",G29))),"Sim","Não")
A30: RS | B30: Rio Grande do Sul | C30: Frio ME (11459) | D30: Sul | E30: SUL | F30: 11459 | G30: frio.me@exemplo.com.br | H30: 45845 | I30: Sim | J30: Não | K30: =IF(AND(G30<>"",ISNUMBER(FIND("@",G30)),ISNUMBER(FIND(".",G30))),"Sim","Não")
A31: MG | B31: Minas Gerais | C31: Assistência Técnica Manutenção (11487) | D31: Sudeste | E31: SUDESTE MG | F31: 11487 | G31: assistencia.tecnica.manutencao@exemplo.com.br | H31: 45352 | I31: Sim | J31: Não | K31: =IF(AND(G31<>"",ISNUMBER(FIND("@",G31)),ISNUMBER(FIND(".",G31))),"Sim","Não")
A32: MG | B32: Minas Gerais | C32: Clima Técnica (11494) | D32: Sudeste | E32: SUDESTE MG | F32: 11494 | G32: clima.tecnica@exemplo.com.br | H32: 45584 | I32: Sim | J32: Não | K32: =IF(AND(G32<>"",ISNUMBER(FIND("@",G32)),ISNUMBER(FIND(".",G32))),"Sim","Não")
A33: BA | B33: Bahia | C33: Clima Manutenção (11538) | D33: Nordeste | E33: NORDESTE | F33: 11538 | G33: clima.manutencao@exemplo.com.br | H33: 45613 | I33: Sim | J33: Não | K33: =IF(AND(G33<>"",ISNUMBER(FIND("@",G33)),ISNUMBER(FIND(".",G33))),"Sim","Não")
A34: MG | B34: Minas Gerais | C34: Refrigeração Ltda (11619) | D34: Sudeste | E34: SUDESTE MG | F34: 11619 | H34: 45482 | I34: Sim | J34: Não | K34: =IF(AND(G34<>"",ISNUMBER(FIND("@",G34)),ISNUMBER(FIND(".",G34))),"Sim","Não")
A35: GO | B35: Goiás | C35: Cool Service Manutenção (11677) | D35: Centro-Oeste | E35: CENTRO OESTE | F35: 11677 | G35: cool.service.manutencao@exemplo.com.br | H35: 45375 | I35: Sim | J35: Sim | K35: =IF(AND(G35<>"",ISNUMBER(FIND("@",G35)),ISNUMBER(FIND(".",G35))),"Sim","Não")
A36: SP | B36: São Paulo | C36: Brisa & Cia (11710) | D36: Sudeste | E36: SUDESTE SP | F36: 11710 | G36: brisa@exemplo.com.br | H36: 45599 | I36: Sim | J36: Não | K36: =IF(AND(G36<>"",ISNUMBER(FIND("@",G36)),ISNUMBER(FIND(".",G36))),"Sim","Não")
A37: MS | B37: Mato Grosso do Sul | C37: Norte Frio Refrigeração (11726) | D37: Centro-Oeste | E37: CENTRO OESTE | F37: 11726 | G37: norte.frio.refrigeracao@exemplo.com.br | H37: 45394 | I37: Sim | J37: Não | K37: =IF(AND(G37<>"",ISNUMBER(FIND("@",G37)),ISNUMBER(FIND(".",G37))),"Sim","Não")
A38: PB | B38: Paraíba | C38: Clima Refrigeração (11741) | D38: Nordeste | E38: NORDESTE | F38: 11741 | G38: clima.refrigeracao@exemplo.com.br | H38: 45848 | I38: Sim | J38: Não | K38: =IF(AND(G38<>"",ISNUMBER(FIND("@",G38)),ISNUMBER(FIND(".",G38))),"Sim","Não")
A39: RR | B39: Roraima | C39: Termotec Ltda (11818) | D39: Norte | E39: NORTE | F39: 11818 | G39: termotec.ltda@exemplo.com.br | H39: 45562 | I39: Sim | J39: Não | K39: =IF(AND(G39<>"",ISNUMBER(FIND("@",G39)),ISNUMBER(FIND(".",G39))),"Sim","Não")
A40: AP | B40: Amapá | C40: Ice Tech Serviços (11859) | D40: Norte | E40: NORTE | F40: 11859 | G40: ice.tech.servicos@exemplo.com.br | H40: 45562 | I40: Sim | J40: Não | K40: =IF(AND(G40<>"",ISNUMBER(FIND("@",G40)),ISNUMBER(FIND(".",G40))),"Sim","Não")
A41: PR | B41: Paraná | C41: Refrigel Express (11898) | D41: Sul | E41: SUL | F41: 11898 | G41: refrigel.express@exemplo.com.br | H41: 45575 | I41: Sim | J41: Não | K41: =IF(AND(G41<>"",ISNUMBER(FIND("@",G41)),ISNUMBER(FIND(".",G41))),"Sim","Não")
A42: PA | B42: Pará | C42: Polar Serviços (11986) | D42: Norte | E42: NORTE | F42: 11986 | G42: polar.servicos@exemplo.com.br | H42: 45729 | I42: Sim | J42: Não | K42: =IF(AND(G42<>"",ISNUMBER(FIND("@",G42)),ISNUMBER(FIND(".",G42))),"Sim","Não")
A43: GO | B43: Goiás | C43: Refrigel Ltda (12007) | D43: Centro-Oeste | E43: CENTRO OESTE | F43: 12007 | G43: refrigel.ltda@exemplo.com.br | H43: 45888 | I43: Sim | J43: Não | K43: =IF(AND(G43<>"",ISNUMBER(FIND("@",G43)),ISNUMBER(FIND(".",G43))),"Sim","Não")
A44: RO | B44: Rondônia | C44: Ártico Serviços (12019) | D44: Norte | E44: NORTE | F44: 12019 | G44: artico.servicos@exemplo.com.br | H44: 45332 | I44: Sim | J44: Não | K44: =IF(AND(G44<>"",ISNUMBER(FIND("@",G44)),ISNUMBER(FIND(".",G44))),"Sim","Não")
A45: SP | B45: São Paulo | C45: Brisa Refrigeração (12052) | D45: Sudeste | E45: SUDESTE SP | F45: 12052 | G45: brisa.refrigeracao@exemplo.com.br | H45: 45865 | I45: Sim | J45: Não | K45: =IF(AND(G45<>"",ISNUMBER(FIND("@",G45)),ISNUMBER(FIND(".",G45))),"Sim","Não")
A46: PR | B46: Paraná | C46: Termotec Serviços (12089) | D46: Sul | E46: SUL | F46: 12089 | G46: termotec.servicos@exemplo.com.br | H46: 45714 | I46: Sim | J46: Não | K46: =IF(AND(G46<>"",ISNUMBER(FIND("@",G46)),ISNUMBER(FIND(".",G46))),"Sim","Não")
... A61: PI | B61: Piauí | C61: Frigo Técnica (12936) | D61: Nordeste | E61: NORDESTE | F61: 12936 | G61: frigo.tecnica@exemplo.com.br | H61: 45416 | I61: Sim | J61: Não | K61: =IF(AND(G61<>"",ISNUMBER(FIND("@",G61)),ISNUMBER(FIND(".",G61))),"Sim","Não")

Sheet Rastreio
A1: Chave | B1: Transportadora | C1: NF | D1: Codigo_STA | E1: STA | F1: Itens em transporte | G1: Valor (R$) | H1: Status_Rastreio | I1: Ultima_Ocorrencia | J1: Data_Ocorrencia | K1: Previsao_Entrega | L1: Data_Entrega | M1: Conhecimento_CTe | N1: Consultado_em | O1: Link_Consulta
A2: =B2&"|"&C2 | B2: ViaCargo | C2: 129 | D2: 12811 | E2: Norte Frio Técnica (12811) | F2: =SUMIFS(tblBase[QTD],tblBase[Transportadora],B2,tblBase[NF],C2,tblBase[Grupo_Status],"Em andamento") | G2: =SUMIFS(tblBase[Valor_Total],tblBase[Transportadora],B2,tblBase[NF],C2,tblBase[Grupo_Status],"Em andamento") | H2: Aguardando coleta | O2: =IF(B2="Braspress",HYPERLINK("https://www.braspress.com.br/site/w/tracking/search?cnpj="&Parametros!$P$4&"&documentType=NOTAFISCAL&numero="&C2,"Abrir rastreio"),"")
A3: =B3&"|"&C3 | B3: TransNorte | C3: 117 | D3: 10504 | E3: Zero Grau Ltda (10504) | F3: =SUMIFS(tblBase[QTD],tblBase[Transportadora],B3,tblBase[NF],C3,tblBase[Grupo_Status],"Em andamento") | G3: =SUMIFS(tblBase[Valor_Total],tblBase[Transportadora],B3,tblBase[NF],C3,tblBase[Grupo_Status],"Em andamento") | O3: =IF(B3="Braspress",HYPERLINK("https://www.braspress.com.br/site/w/tracking/search?cnpj="&Parametros!$P$4&"&documentType=NOTAFISCAL&numero="&C3,"Abrir rastreio"),"")
A4: =B4&"|"&C4 | B4: EntregaJá | C4: 136 | D4: 10010 | E4: Cool Service ME (10010) | F4: =SUMIFS(tblBase[QTD],tblBase[Transportadora],B4,tblBase[NF],C4,tblBase[Grupo_Status],"Em andamento") | G4: =SUMIFS(tblBase[Valor_Total],tblBase[Transportadora],B4,tblBase[NF],C4,tblBase[Grupo_Status],"Em andamento") | H4: Em trânsito | O4: =IF(B4="Braspress",HYPERLINK("https://www.braspress.com.br/site/w/tracking/search?cnpj="&Parametros!$P$4&"&documentType=NOTAFISCAL&numero="&C4,"Abrir rastreio"),"")
A5: =B5&"|"&C5 | B5: CargoMax | C5: 120 | D5: 12052 | E5: Brisa Refrigeração (12052) | F5: =SUMIFS(tblBase[QTD],tblBase[Transportadora],B5,tblBase[NF],C5,tblBase[Grupo_Status],"Em andamento") | G5: =SUMIFS(tblBase[Valor_Total],tblBase[Transportadora],B5,tblBase[NF],C5,tblBase[Grupo_Status],"Em andamento") | H5: Em trânsito | O5: =IF(B5="Braspress",HYPERLINK("https://www.braspress.com.br/site/w/tracking/search?cnpj="&Parametros!$P$4&"&documentType=NOTAFISCAL&numero="&C5,"Abrir rastreio"),"")
A6: =B6&"|"&C6 | B6: EntregaJá | C6: 124 | D6: 10676 | E6: Clima Serviços (10676) | F6: =SUMIFS(tblBase[QTD],tblBase[Transportadora],B6,tblBase[NF],C6,tblBase[Grupo_Status],"Em andamento") | G6: =SUMIFS(tblBase[Valor_Total],tblBase[Transportadora],B6,tblBase[NF],C6,tblBase[Grupo_Status],"Em andamento") | H6: Em trânsito | O6: =IF(B6="Braspress",HYPERLINK("https://www.braspress.com.br/site/w/tracking/search?cnpj="&Parametros!$P$4&"&documentType=NOTAFISCAL&numero="&C6,"Abrir rastreio"),"")
A7: =B7&"|"&C7 | B7: LogExpress | C7: 115 | D7: 11099 | E7: Refrigel Serviços (11099) | F7: =SUMIFS(tblBase[QTD],tblBase[Transportadora],B7,tblBase[NF],C7,tblBase[Grupo_Status],"Em andamento") | G7: =SUMIFS(tblBase[Valor_Total],tblBase[Transportadora],B7,tblBase[NF],C7,tblBase[Grupo_Status],"Em andamento") | H7: Saiu para entrega | O7: =IF(B7="Braspress",HYPERLINK("https://www.braspress.com.br/site/w/tracking/search?cnpj="&Parametros!$P$4&"&documentType=NOTAFISCAL&numero="&C7,"Abrir rastreio"),"")
A8: =B8&"|"&C8 | B8: LogExpress | C8: 158 | D8: 12901 | E8: Frio Serviços (12901) | F8: =SUMIFS(tblBase[QTD],tblBase[Transportadora],B8,tblBase[NF],C8,tblBase[Grupo_Status],"Em andamento") | G8: =SUMIFS(tblBase[Valor_Total],tblBase[Transportadora],B8,tblBase[NF],C8,tblBase[Grupo_Status],"Em andamento") | H8: Aguardando coleta | O8: =IF(B8="Braspress",HYPERLINK("https://www.braspress.com.br/site/w/tracking/search?cnpj="&Parametros!$P$4&"&documentType=NOTAFISCAL&numero="&C8,"Abrir rastreio"),"")
A9: =B9&"|"&C9 | B9: ViaCargo | C9: 156 | D9: 12689 | E9: Norte Frio Manutenção (12689) | F9: =SUMIFS(tblBase[QTD],tblBase[Transportadora],B9,tblBase[NF],C9,tblBase[Grupo_Status],"Em andamento") | G9: =SUMIFS(tblBase[Valor_Total],tblBase[Transportadora],B9,tblBase[NF],C9,tblBase[Grupo_Status],"Em andamento") | H9: Aguardando coleta | O9: =IF(B9="Braspress",HYPERLINK("https://www.braspress.com.br/site/w/tracking/search?cnpj="&Parametros!$P$4&"&documentType=NOTAFISCAL&numero="&C9,"Abrir rastreio"),"")
A10: =B10&"|"&C10 | B10: ViaCargo | C10: 144 | D10: 12138 | E10: Refrigeração Serviços (12138) | F10: =SUMIFS(tblBase[QTD],tblBase[Transportadora],B10,tblBase[NF],C10,tblBase[Grupo_Status],"Em andamento") | G10: =SUMIFS(tblBase[Valor_Total],tblBase[Transportadora],B10,tblBase[NF],C10,tblBase[Grupo_Status],"Em andamento") | H10: Saiu para entrega | O10: =IF(B10="Braspress",HYPERLINK("https://www.braspress.com.br/site/w/tracking/search?cnpj="&Parametros!$P$4&"&documentType=NOTAFISCAL&numero="&C10,"Abrir rastreio"),"")
A11: =B11&"|"&C11 | B11: CargoMax | C11: 134 | D11: 12138 | E11: Refrigeração Serviços (12138) | F11: =SUMIFS(tblBase[QTD],tblBase[Transportadora],B11,tblBase[NF],C11,tblBase[Grupo_Status],"Em andamento") | G11: =SUMIFS(tblBase[Valor_Total],tblBase[Transportadora],B11,tblBase[NF],C11,tblBase[Grupo_Status],"Em andamento") | H11: Saiu para entrega | O11: =IF(B11="Braspress",HYPERLINK("https://www.braspress.com.br/site/w/tracking/search?cnpj="&Parametros!$P$4&"&documentType=NOTAFISCAL&numero="&C11,"Abrir rastreio"),"")
A12: =B12&"|"&C12 | B12: RotaSul | C12: 139 | D12: 12019 | E12: Ártico Serviços (12019) | F12: =SUMIFS(tblBase[QTD],tblBase[Transportadora],B12,tblBase[NF],C12,tblBase[Grupo_Status],"Em andamento") | G12: =SUMIFS(tblBase[Valor_Total],tblBase[Transportadora],B12,tblBase[NF],C12,tblBase[Grupo_Status],"Em andamento") | O12: =IF(B12="Braspress",HYPERLINK("https://www.braspress.com.br/site/w/tracking/search?cnpj="&Parametros!$P$4&"&documentType=NOTAFISCAL&numero="&C12,"Abrir rastreio"),"")
A13: =B13&"|"&C13 | B13: CargoMax | C13: 142 | D13: 12089 | E13: Termotec Serviços (12089) | F13: =SUMIFS(tblBase[QTD],tblBase[Transportadora],B13,tblBase[NF],C13,tblBase[Grupo_Status],"Em andamento") | G13: =SUMIFS(tblBase[Valor_Total],tblBase[Transportadora],B13,tblBase[NF],C13,tblBase[Grupo_Status],"Em andamento") | H13: Em trânsito | O13: =IF(B13="Braspress",HYPERLINK("https://www.braspress.com.br/site/w/tracking/search?cnpj="&Parametros!$P$4&"&documentType=NOTAFISCAL&numero="&C13,"Abrir rastreio"),"")
A14: =B14&"|"&C14 | B14: LogExpress | C14: 131 | D14: 11099 | E14: Refrigel Serviços (11099) | F14: =SUMIFS(tblBase[QTD],tblBase[Transportadora],B14,tblBase[NF],C14,tblBase[Grupo_Status],"Em andamento") | G14: =SUMIFS(tblBase[Valor_Total],tblBase[Transportadora],B14,tblBase[NF],C14,tblBase[Grupo_Status],"Em andamento") | H14: Saiu para entrega | O14: =IF(B14="Braspress",HYPERLINK("https://www.braspress.com.br/site/w/tracking/search?cnpj="&Parametros!$P$4&"&documentType=NOTAFISCAL&numero="&C14,"Abrir rastreio"),"")
A15: =B15&"|"&C15 | B15: LogExpress | C15: 147 | D15: 11986 | E15: Polar Serviços (11986) | F15: =SUMIFS(tblBase[QTD],tblBase[Transportadora],B15,tblBase[NF],C15,tblBase[Grupo_Status],"Em andamento") | G15: =SUMIFS(tblBase[Valor_Total],tblBase[Transportadora],B15,tblBase[NF],C15,tblBase[Grupo_Status],"Em andamento") | H15: Em trânsito | O15: =IF(B15="Braspress",HYPERLINK("https://www.braspress.com.br/site/w/tracking/search?cnpj="&Parametros!$P$4&"&documentType=NOTAFISCAL&numero="&C15,"Abrir rastreio"),"")
A16: =B16&"|"&C16 | B16: RotaSul | C16: 155 | D16: 12158 | E16: Gelo Serviços (12158) | F16: =SUMIFS(tblBase[QTD],tblBase[Transportadora],B16,tblBase[NF],C16,tblBase[Grupo_Status],"Em andamento") | G16: =SUMIFS(tblBase[Valor_Total],tblBase[Transportadora],B16,tblBase[NF],C16,tblBase[Grupo_Status],"Em andamento") | H16: Aguardando coleta | O16: =IF(B16="Braspress",HYPERLINK("https://www.braspress.com.br/site/w/tracking/search?cnpj="&Parametros!$P$4&"&documentType=NOTAFISCAL&numero="&C16,"Abrir rastreio"),"")
A17: =B17&"|"&C17 | B17: TransNorte | C17: 160 | D17: 11099 | E17: Refrigel Serviços (11099) | F17: =SUMIFS(tblBase[QTD],tblBase[Transportadora],B17,tblBase[NF],C17,tblBase[Grupo_Status],"Em andamento") | G17: =SUMIFS(tblBase[Valor_Total],tblBase[Transportadora],B17,tblBase[NF],C17,tblBase[Grupo_Status],"Em andamento") | O17: =IF(B17="Braspress",HYPERLINK("https://www.braspress.com.br/site/w/tracking/search?cnpj="&Parametros!$P$4&"&documentType=NOTAFISCAL&numero="&C17,"Abrir rastreio"),"")
A18: =B18&"|"&C18 | B18: CargoMax | C18: 103 | D18: 11710 | E18: Brisa & Cia (11710) | F18: =SUMIFS(tblBase[QTD],tblBase[Transportadora],B18,tblBase[NF],C18,tblBase[Grupo_Status],"Em andamento") | G18: =SUMIFS(tblBase[Valor_Total],tblBase[Transportadora],B18,tblBase[NF],C18,tblBase[Grupo_Status],"Em andamento") | H18: Aguardando coleta | O18: =IF(B18="Braspress",HYPERLINK("https://www.braspress.com.br/site/w/tracking/search?cnpj="&Parametros!$P$4&"&documentType=NOTAFISCAL&numero="&C18,"Abrir rastreio"),"")
A19: =B19&"|"&C19 | B19: TransNorte | C19: 170 | D19: 10111 | E19: Refrigel Manutenção (10111) | F19: =SUMIFS(tblBase[QTD],tblBase[Transportadora],B19,tblBase[NF],C19,tblBase[Grupo_Status],"Em andamento") | G19: =SUMIFS(tblBase[Valor_Total],tblBase[Transportadora],B19,tblBase[NF],C19,tblBase[Grupo_Status],"Em andamento") | H19: Em trânsito | O19: =IF(B19="Braspress",HYPERLINK("https://www.braspress.com.br/site/w/tracking/search?cnpj="&Parametros!$P$4&"&documentType=NOTAFISCAL&numero="&C19,"Abrir rastreio"),"")
A20: =B20&"|"&C20 | B20: RotaSul | C20: 171 | D20: 11986 | E20: Polar Serviços (11986) | F20: =SUMIFS(tblBase[QTD],tblBase[Transportadora],B20,tblBase[NF],C20,tblBase[Grupo_Status],"Em andamento") | G20: =SUMIFS(tblBase[Valor_Total],tblBase[Transportadora],B20,tblBase[NF],C20,tblBase[Grupo_Status],"Em andamento") | O20: =IF(B20="Braspress",HYPERLINK("https://www.braspress.com.br/site/w/tracking/search?cnpj="&Parametros!$P$4&"&documentType=NOTAFISCAL&numero="&C20,"Abrir rastreio"),"")
A21: =B21&"|"&C21 | B21: EntregaJá | C21: 110 | D21: 11162 | E21: Ártico Refrigeração (11162) | F21: =SUMIFS(tblBase[QTD],tblBase[Transportadora],B21,tblBase[NF],C21,tblBase[Grupo_Status],"Em andamento") | G21: =SUMIFS(tblBase[Valor_Total],tblBase[Transportadora],B21,tblBase[NF],C21,tblBase[Grupo_Status],"Em andamento") | H21: Saiu para entrega | O21: =IF(B21="Braspress",HYPERLINK("https://www.braspress.com.br/site/w/tracking/search?cnpj="&Parametros!$P$4&"&documentType=NOTAFISCAL&numero="&C21,"Abrir rastreio"),"")
A22: =B22&"|"&C22 | B22: RotaSul | C22: 118 | D22: 11677 | E22: Cool Service Manutenção (11677) | F22: =SUMIFS(tblBase[QTD],tblBase[Transportadora],B22,tblBase[NF],C22,tblBase[Grupo_Status],"Em andamento") | G22: =SUMIFS(tblBase[Valor_Total],tblBase[Transportadora],B22,tblBase[NF],C22,tblBase[Grupo_Status],"Em andamento") | H22: Saiu para entrega | O22: =IF(B22="Braspress",HYPERLINK("https://www.braspress.com.br/site/w/tracking/search?cnpj="&Parametros!$P$4&"&documentType=NOTAFISCAL&numero="&C22,"Abrir rastreio"),"")
A23: =B23&"|"&C23 | B23: TransNorte | C23: 107 | D23: 11244 | E23: Refrigeração Manutenção (11244) | F23: =SUMIFS(tblBase[QTD],tblBase[Transportadora],B23,tblBase[NF],C23,tblBase[Grupo_Status],"Em andamento") | G23: =SUMIFS(tblBase[Valor_Total],tblBase[Transportadora],B23,tblBase[NF],C23,tblBase[Grupo_Status],"Em andamento") | H23: Em trânsito | O23: =IF(B23="Braspress",HYPERLINK("https://www.braspress.com.br/site/w/tracking/search?cnpj="&Parametros!$P$4&"&documentType=NOTAFISCAL&numero="&C23,"Abrir rastreio"),"")
A24: =B24&"|"&C24 | B24: ViaCargo | C24: 140 | D24: 12280 | E24: Termotec & Cia (12280) | F24: =SUMIFS(tblBase[QTD],tblBase[Transportadora],B24,tblBase[NF],C24,tblBase[Grupo_Status],"Em andamento") | G24: =SUMIFS(tblBase[Valor_Total],tblBase[Transportadora],B24,tblBase[NF],C24,tblBase[Grupo_Status],"Em andamento") | H24: Aguardando coleta | O24: =IF(B24="Braspress",HYPERLINK("https://www.braspress.com.br/site/w/tracking/search?cnpj="&Parametros!$P$4&"&documentType=NOTAFISCAL&numero="&C24,"Abrir rastreio"),"")
A25: =B25&"|"&C25 | B25: EntregaJá | C25: 108 | D25: 11365 | E25: Ártico Express (11365) | F25: =SUMIFS(tblBase[QTD],tblBase[Transportadora],B25,tblBase[NF],C25,tblBase[Grupo_Status],"Em andamento") | G25: =SUMIFS(tblBase[Valor_Total],tblBase[Transportadora],B25,tblBase[NF],C25,tblBase[Grupo_Status],"Em andamento") | O25: =IF(B25="Braspress",HYPERLINK("https://www.braspress.com.br/site/w/tracking/search?cnpj="&Parametros!$P$4&"&documentType=NOTAFISCAL&numero="&C25,"Abrir rastreio"),"")
A26: =B26&"|"&C26 | B26: CargoMax | C26: 110 | D26: 12336 | E26: Termotec ME (12336) | F26: =SUMIFS(tblBase[QTD],tblBase[Transportadora],B26,tblBase[NF],C26,tblBase[Grupo_Status],"Em andamento") | G26: =SUMIFS(tblBase[Valor_Total],tblBase[Transportadora],B26,tblBase[NF],C26,tblBase[Grupo_Status],"Em andamento") | H26: Aguardando coleta | O26: =IF(B26="Braspress",HYPERLINK("https://www.braspress.com.br/site/w/tracking/search?cnpj="&Parametros!$P$4&"&documentType=NOTAFISCAL&numero="&C26,"Abrir rastreio"),"")
A27: =B27&"|"&C27 | B27: TransNorte | C27: 138 | D27: 10615 | E27: Brisa Técnica (10615) | F27: =SUMIFS(tblBase[QTD],tblBase[Transportadora],B27,tblBase[NF],C27,tblBase[Grupo_Status],"Em andamento") | G27: =SUMIFS(tblBase[Valor_Total],tblBase[Transportadora],B27,tblBase[NF],C27,tblBase[Grupo_Status],"Em andamento") | H27: Aguardando coleta | O27: =IF(B27="Braspress",HYPERLINK("https://www.braspress.com.br/site/w/tracking/search?cnpj="&Parametros!$P$4&"&documentType=NOTAFISCAL&numero="&C27,"Abrir rastreio"),"")
A28: =B28&"|"&C28 | B28: CargoMax | C28: 105 | D28: 11619 | E28: Refrigeração Ltda (11619) | F28: =SUMIFS(tblBase[QTD],tblBase[Transportadora],B28,tblBase[NF],C28,tblBase[Grupo_Status],"Em andamento") | G28: =SUMIFS(tblBase[Valor_Total],tblBase[Transportadora],B28,tblBase[NF],C28,tblBase[Grupo_Status],"Em andamento") | H28: Saiu para entrega | O28: =IF(B28="Braspress",HYPERLINK("https://www.braspress.com.br/site/w/tracking/search?cnpj="&Parametros!$P$4&"&documentType=NOTAFISCAL&numero="&C28,"Abrir rastreio"),"")
A29: =B29&"|"&C29 | B29: ViaCargo | C29: 123 | D29: 12052 | E29: Brisa Refrigeração (12052) | F29: =SUMIFS(tblBase[QTD],tblBase[Transportadora],B29,tblBase[NF],C29,tblBase[Grupo_Status],"Em andamento") | G29: =SUMIFS(tblBase[Valor_Total],tblBase[Transportadora],B29,tblBase[NF],C29,tblBase[Grupo_Status],"Em andamento") | O29: =IF(B29="Braspress",HYPERLINK("https://www.braspress.com.br/site/w/tracking/search?cnpj="&Parametros!$P$4&"&documentType=NOTAFISCAL&numero="&C29,"Abrir rastreio"),"")
A30: =B30&"|"&C30 | B30: EntregaJá | C30: 104 | D30: 10939 | E30: Zero Grau Manutenção (10939) | F30: =SUMIFS(tblBase[QTD],tblBase[Transportadora],B30,tblBase[NF],C30,tblBase[Grupo_Status],"Em andamento") | G30: =SUMIFS(tblBase[Valor_Total],tblBase[Transportadora],B30,tblBase[NF],C30,tblBase[Grupo_Status],"Em andamento") | H30: Aguardando coleta | O30: =IF(B30="Braspress",HYPERLINK("https://www.braspress.com.br/site/w/tracking/search?cnpj="&Parametros!$P$4&"&documentType=NOTAFISCAL&numero="&C30,"Abrir rastreio"),"")
A31: =B31&"|"&C31 | B31: ViaCargo | C31: 130 | D31: 10317 | E31: Termotec Manutenção (10317) | F31: =SUMIFS(tblBase[QTD],tblBase[Transportadora],B31,tblBase[NF],C31,tblBase[Grupo_Status],"Em andamento") | G31: =SUMIFS(tblBase[Valor_Total],tblBase[Transportadora],B31,tblBase[NF],C31,tblBase[Grupo_Status],"Em andamento") | H31: Em trânsito | O31: =IF(B31="Braspress",HYPERLINK("https://www.braspress.com.br/site/w/tracking/search?cnpj="&Parametros!$P$4&"&documentType=NOTAFISCAL&numero="&C31,"Abrir rastreio"),"")
A32: =B32&"|"&C32 | B32: ViaCargo | C32: 145 | D32: 12555 | E32: Cool Service Serviços (12555) | F32: =SUMIFS(tblBase[QTD],tblBase[Transportadora],B32,tblBase[NF],C32,tblBase[Grupo_Status],"Em andamento") | G32: =SUMIFS(tblBase[Valor_Total],tblBase[Transportadora],B32,tblBase[NF],C32,tblBase[Grupo_Status],"Em andamento") | O32: =IF(B32="Braspress",HYPERLINK("https://www.braspress.com.br/site/w/tracking/search?cnpj="&Parametros!$P$4&"&documentType=NOTAFISCAL&numero="&C32,"Abrir rastreio"),"")
A33: =B33&"|"&C33 | B33: CargoMax | C33: 160 | D33: 11162 | E33: Ártico Refrigeração (11162) | F33: =SUMIFS(tblBase[QTD],tblBase[Transportadora],B33,tblBase[NF],C33,tblBase[Grupo_Status],"Em andamento") | G33: =SUMIFS(tblBase[Valor_Total],tblBase[Transportadora],B33,tblBase[NF],C33,tblBase[Grupo_Status],"Em andamento") | O33: =IF(B33="Braspress",HYPERLINK("https://www.braspress.com.br/site/w/tracking/search?cnpj="&Parametros!$P$4&"&documentType=NOTAFISCAL&numero="&C33,"Abrir rastreio"),"")
A34: =B34&"|"&C34 | B34: LogExpress | C34: 163 | D34: 11459 | E34: Frio ME (11459) | F34: =SUMIFS(tblBase[QTD],tblBase[Transportadora],B34,tblBase[NF],C34,tblBase[Grupo_Status],"Em andamento") | G34: =SUMIFS(tblBase[Valor_Total],tblBase[Transportadora],B34,tblBase[NF],C34,tblBase[Grupo_Status],"Em andamento") | H34: Saiu para entrega | O34: =IF(B34="Braspress",HYPERLINK("https://www.braspress.com.br/site/w/tracking/search?cnpj="&Parametros!$P$4&"&documentType=NOTAFISCAL&numero="&C34,"Abrir rastreio"),"")
A35: =B35&"|"&C35 | B35: ViaCargo | C35: 112 | D35: 11494 | E35: Clima Técnica (11494) | F35: =SUMIFS(tblBase[QTD],tblBase[Transportadora],B35,tblBase[NF],C35,tblBase[Grupo_Status],"Em andamento") | G35: =SUMIFS(tblBase[Valor_Total],tblBase[Transportadora],B35,tblBase[NF],C35,tblBase[Grupo_Status],"Em andamento") | H35: Saiu para entrega | O35: =IF(B35="Braspress",HYPERLINK("https://www.braspress.com.br/site/w/tracking/search?cnpj="&Parametros!$P$4&"&documentType=NOTAFISCAL&numero="&C35,"Abrir rastreio"),"")
A36: =B36&"|"&C36 | B36: TransNorte | C36: 118 | D36: 11352 | E36: Frio Express (11352) | F36: =SUMIFS(tblBase[QTD],tblBase[Transportadora],B36,tblBase[NF],C36,tblBase[Grupo_Status],"Em andamento") | G36: =SUMIFS(tblBase[Valor_Total],tblBase[Transportadora],B36,tblBase[NF],C36,tblBase[Grupo_Status],"Em andamento") | H36: Aguardando coleta | O36: =IF(B36="Braspress",HYPERLINK("https://www.braspress.com.br/site/w/tracking/search?cnpj="&Parametros!$P$4&"&documentType=NOTAFISCAL&numero="&C36,"Abrir rastreio"),"")
A37: =B37&"|"&C37 | B37: LogExpress | C37: 141 | D37: 11059 | E37: Frio Ltda (11059) | F37: =SUMIFS(tblBase[QTD],tblBase[Transportadora],B37,tblBase[NF],C37,tblBase[Grupo_Status],"Em andamento") | G37: =SUMIFS(tblBase[Valor_Total],tblBase[Transportadora],B37,tblBase[NF],C37,tblBase[Grupo_Status],"Em andamento") | H37: Em trânsito | O37: =IF(B37="Braspress",HYPERLINK("https://www.braspress.com.br/site/w/tracking/search?cnpj="&Parametros!$P$4&"&documentType=NOTAFISCAL&numero="&C37,"Abrir rastreio"),"")
A38: =B38&"|"&C38 | B38: CargoMax | C38: 111 | D38: 12811 | E38: Norte Frio Técnica (12811) | F38: =SUMIFS(tblBase[QTD],tblBase[Transportadora],B38,tblBase[NF],C38,tblBase[Grupo_Status],"Em andamento") | G38: =SUMIFS(tblBase[Valor_Total],tblBase[Transportadora],B38,tblBase[NF],C38,tblBase[Grupo_Status],"Em andamento") | H38: Aguardando coleta | O38: =IF(B38="Braspress",HYPERLINK("https://www.braspress.com.br/site/w/tracking/search?cnpj="&Parametros!$P$4&"&documentType=NOTAFISCAL&numero="&C38,"Abrir rastreio"),"")
A39: =B39&"|"&C39 | B39: LogExpress | C39: 111 | D39: 12280 | E39: Termotec & Cia (12280) | F39: =SUMIFS(tblBase[QTD],tblBase[Transportadora],B39,tblBase[NF],C39,tblBase[Grupo_Status],"Em andamento") | G39: =SUMIFS(tblBase[Valor_Total],tblBase[Transportadora],B39,tblBase[NF],C39,tblBase[Grupo_Status],"Em andamento") | H39: Aguardando coleta | O39: =IF(B39="Braspress",HYPERLINK("https://www.braspress.com.br/site/w/tracking/search?cnpj="&Parametros!$P$4&"&documentType=NOTAFISCAL&numero="&C39,"Abrir rastreio"),"")
A40: =B40&"|"&C40 | B40: TransNorte | C40: 148 | D40: 12280 | E40: Termotec & Cia (12280) | F40: =SUMIFS(tblBase[QTD],tblBase[Transportadora],B40,tblBase[NF],C40,tblBase[Grupo_Status],"Em andamento") | G40: =SUMIFS(tblBase[Valor_Total],tblBase[Transportadora],B40,tblBase[NF],C40,tblBase[Grupo_Status],"Em andamento") | O40: =IF(B40="Braspress",HYPERLINK("https://www.braspress.com.br/site/w/tracking/search?cnpj="&Parametros!$P$4&"&documentType=NOTAFISCAL&numero="&C40,"Abrir rastreio"),"")
A41: =B41&"|"&C41 | B41: ViaCargo | C41: 158 | D41: 10413 | E41: Polar Manutenção (10413) | F41: =SUMIFS(tblBase[QTD],tblBase[Transportadora],B41,tblBase[NF],C41,tblBase[Grupo_Status],"Em andamento") | G41: =SUMIFS(tblBase[Valor_Total],tblBase[Transportadora],B41,tblBase[NF],C41,tblBase[Grupo_Status],"Em andamento") | H41: Saiu para entrega | O41: =IF(B41="Braspress",HYPERLINK("https://www.braspress.com.br/site/w/tracking/search?cnpj="&Parametros!$P$4&"&documentType=NOTAFISCAL&numero="&C41,"Abrir rastreio"),"")
A42: =B42&"|"&C42 | B42: CargoMax | C42: 167 | D42: 11898 | E42: Refrigel Express (11898) | F42: =SUMIFS(tblBase[QTD],tblBase[Transportadora],B42,tblBase[NF],C42,tblBase[Grupo_Status],"Em andamento") | G42: =SUMIFS(tblBase[Valor_Total],tblBase[Transportadora],B42,tblBase[NF],C42,tblBase[Grupo_Status],"Em andamento") | H42: Aguardando coleta | O42: =IF(B42="Braspress",HYPERLINK("https://www.braspress.com.br/site/w/tracking/search?cnpj="&Parametros!$P$4&"&documentType=NOTAFISCAL&numero="&C42,"Abrir rastreio"),"")
A43: =B43&"|"&C43 | B43: RotaSul | C43: 106 | D43: 11099 | E43: Refrigel Serviços (11099) | F43: =SUMIFS(tblBase[QTD],tblBase[Transportadora],B43,tblBase[NF],C43,tblBase[Grupo_Status],"Em andamento") | G43: =SUMIFS(tblBase[Valor_Total],tblBase[Transportadora],B43,tblBase[NF],C43,tblBase[Grupo_Status],"Em andamento") | O43: =IF(B43="Braspress",HYPERLINK("https://www.braspress.com.br/site/w/tracking/search?cnpj="&Parametros!$P$4&"&documentType=NOTAFISCAL&numero="&C43,"Abrir rastreio"),"")
A44: =B44&"|"&C44 | B44: CargoMax | C44: 127 | D44: 10562 | E44: Clima & Cia (10562) | F44: =SUMIFS(tblBase[QTD],tblBase[Transportadora],B44,tblBase[NF],C44,tblBase[Grupo_Status],"Em andamento") | G44: =SUMIFS(tblBase[Valor_Total],tblBase[Transportadora],B44,tblBase[NF],C44,tblBase[Grupo_Status],"Em andamento") | H44: Saiu para entrega | O44: =IF(B44="Braspress",HYPERLINK("https://www.braspress.com.br/site/w/tracking/search?cnpj="&Parametros!$P$4&"&documentType=NOTAFISCAL&numero="&C44,"Abrir rastreio"),"")
A45: =B45&"|"&C45 | B45: CargoMax | C45: 123 | D45: 10615 | E45: Brisa Técnica (10615) | F45: =SUMIFS(tblBase[QTD],tblBase[Transportadora],B45,tblBase[NF],C45,tblBase[Grupo_Status],"Em andamento") | G45: =SUMIFS(tblBase[Valor_Total],tblBase[Transportadora],B45,tblBase[NF],C45,tblBase[Grupo_Status],"Em andamento") | O45: =IF(B45="Braspress",HYPERLINK("https://www.braspress.com.br/site/w/tracking/search?cnpj="&Parametros!$P$4&"&documentType=NOTAFISCAL&numero="&C45,"Abrir rastreio"),"")
A46: =B46&"|"&C46 | B46: ViaCargo | C46: 137 | D46: 12724 | E46: Cool Service & Cia (12724) | F46: =SUMIFS(tblBase[QTD],tblBase[Transportadora],B46,tblBase[NF],C46,tblBase[Grupo_Status],"Em andamento") | G46: =SUMIFS(tblBase[Valor_Total],tblBase[Transportadora],B46,tblBase[NF],C46,tblBase[Grupo_Status],"Em andamento") | H46: Em trânsito | O46: =IF(B46="Braspress",HYPERLINK("https://www.braspress.com.br/site/w/tracking/search?cnpj="&Parametros!$P$4&"&documentType=NOTAFISCAL&numero="&C46,"Abrir rastreio"),"")
A47: =B47&"|"&C47 | B47: ViaCargo | C47: 128 | D47: 11726 | E47: Norte Frio Refrigeração (11726) | F47: =SUMIFS(tblBase[QTD],tblBase[Transportadora],B47,tblBase[NF],C47,tblBase[Grupo_Status],"Em andamento") | G47: =SUMIFS(tblBase[Valor_Total],tblBase[Transportadora],B47,tblBase[NF],C47,tblBase[Grupo_Status],"Em andamento") | H47: Em trânsito | O47: =IF(B47="Braspress",HYPERLINK("https://www.braspress.com.br/site/w/tracking/search?cnpj="&Parametros!$P$4&"&documentType=NOTAFISCAL&numero="&C47,"Abrir rastreio"),"")
A48: =B48&"|"&C48 | B48: RotaSul | C48: 126 | D48: 10302 | E48: Ice Tech Express (10302) | F48: =SUMIFS(tblBase[QTD],tblBase[Transportadora],B48,tblBase[NF],C48,tblBase[Grupo_Status],"Em andamento") | G48: =SUMIFS(tblBase[Valor_Total],tblBase[Transportadora],B48,tblBase[NF],C48,tblBase[Grupo_Status],"Em andamento") | H48: Em trânsito | O48: =IF(B48="Braspress",HYPERLINK("https://www.braspress.com.br/site/w/tracking/search?cnpj="&Parametros!$P$4&"&documentType=NOTAFISCAL&numero="&C48,"Abrir rastreio"),"")
A49: =B49&"|"&C49 | B49: LogExpress | C49: 132 | D49: 10227 | E49: Assistência Técnica ME (10227) | F49: =SUMIFS(tblBase[QTD],tblBase[Transportadora],B49,tblBase[NF],C49,tblBase[Grupo_Status],"Em andamento") | G49: =SUMIFS(tblBase[Valor_Total],tblBase[Transportadora],B49,tblBase[NF],C49,tblBase[Grupo_Status],"Em andamento") | H49: Saiu para entrega | O49: =IF(B49="Braspress",HYPERLINK("https://www.braspress.com.br/site/w/tracking/search?cnpj="&Parametros!$P$4&"&documentType=NOTAFISCAL&numero="&C49,"Abrir rastreio"),"")
A50: =B50&"|"&C50 | B50: TransNorte | C50: 164 | D50: 12089 | E50: Termotec Serviços (12089) | F50: =SUMIFS(tblBase[QTD],tblBase[Transportadora],B50,tblBase[NF],C50,tblBase[Grupo_Status],"Em andamento") | G50: =SUMIFS(tblBase[Valor_Total],tblBase[Transportadora],B50,tblBase[NF],C50,tblBase[Grupo_Status],"Em andamento") | H50: Saiu para entrega | O50: =IF(B50="Braspress",HYPERLINK("https://www.braspress.com.br/site/w/tracking/search?cnpj="&Parametros!$P$4&"&documentType=NOTAFISCAL&numero="&C50,"Abrir rastreio"),"")
A51: =B51&"|"&C51 | B51: RotaSul | C51: 117 | D51: 10504 | E51: Zero Grau Ltda (10504) | F51: =SUMIFS(tblBase[QTD],tblBase[Transportadora],B51,tblBase[NF],C51,tblBase[Grupo_Status],"Em andamento") | G51: =SUMIFS(tblBase[Valor_Total],tblBase[Transportadora],B51,tblBase[NF],C51,tblBase[Grupo_Status],"Em andamento") | O51: =IF(B51="Braspress",HYPERLINK("https://www.braspress.com.br/site/w/tracking/search?cnpj="&Parametros!$P$4&"&documentType=NOTAFISCAL&numero="&C51,"Abrir rastreio"),"")
A52: =B52&"|"&C52 | B52: CargoMax | C52: 138 | D52: 11494 | E52: Clima Técnica (11494) | F52: =SUMIFS(tblBase[QTD],tblBase[Transportadora],B52,tblBase[NF],C52,tblBase[Grupo_Status],"Em andamento") | G52: =SUMIFS(tblBase[Valor_Total],tblBase[Transportadora],B52,tblBase[NF],C52,tblBase[Grupo_Status],"Em andamento") | H52: Em trânsito | O52: =IF(B52="Braspress",HYPERLINK("https://www.braspress.com.br/site/w/tracking/search?cnpj="&Parametros!$P$4&"&documentType=NOTAFISCAL&numero="&C52,"Abrir rastreio"),"")
A53: =B53&"|"&C53 | B53: LogExpress | C53: 174 | D53: 11726 | E53: Norte Frio Refrigeração (11726) | F53: =SUMIFS(tblBase[QTD],tblBase[Transportadora],B53,tblBase[NF],C53,tblBase[Grupo_Status],"Em andamento") | G53: =SUMIFS(tblBase[Valor_Total],tblBase[Transportadora],B53,tblBase[NF],C53,tblBase[Grupo_Status],"Em andamento") | H53: Saiu para entrega | O53: =IF(B53="Braspress",HYPERLINK("https://www.braspress.com.br/site/w/tracking/search?cnpj="&Parametros!$P$4&"&documentType=NOTAFISCAL&numero="&C53,"Abrir rastreio"),"")
A54: =B54&"|"&C54 | B54: LogExpress | C54: 103 | D54: 12007 | E54: Refrigel Ltda (12007) | F54: =SUMIFS(tblBase[QTD],tblBase[Transportadora],B54,tblBase[NF],C54,tblBase[Grupo_Status],"Em andamento") | G54: =SUMIFS(tblBase[Valor_Total],tblBase[Transportadora],B54,tblBase[NF],C54,tblBase[Grupo_Status],"Em andamento") | O54: =IF(B54="Braspress",HYPERLINK("https://www.braspress.com.br/site/w/tracking/search?cnpj="&Parametros!$P$4&"&documentType=NOTAFISCAL&numero="&C54,"Abrir rastreio"),"")
A55: =B55&"|"&C55 | B55: RotaSul | C55: 111 | D55: 11099 | E55: Refrigel Serviços (11099) | F55: =SUMIFS(tblBase[QTD],tblBase[Transportadora],B55,tblBase[NF],C55,tblBase[Grupo_Status],"Em andamento") | G55: =SUMIFS(tblBase[Valor_Total],tblBase[Transportadora],B55,tblBase[NF],C55,tblBase[Grupo_Status],"Em andamento") | O55: =IF(B55="Braspress",HYPERLINK("https://www.braspress.com.br/site/w/tracking/search?cnpj="&Parametros!$P$4&"&documentType=NOTAFISCAL&numero="&C55,"Abrir rastreio"),"")
A56: =B56&"|"&C56 | B56: RotaSul | C56: 149 | D56: 12007 | E56: Refrigel Ltda (12007) | F56: =SUMIFS(tblBase[QTD],tblBase[Transportadora],B56,tblBase[NF],C56,tblBase[Grupo_Status],"Em andamento") | G56: =SUMIFS(tblBase[Valor_Total],tblBase[Transportadora],B56,tblBase[NF],C56,tblBase[Grupo_Status],"Em andamento") | H56: Em trânsito | O56: =IF(B56="Braspress",HYPERLINK("https://www.braspress.com.br/site/w/tracking/search?cnpj="&Parametros!$P$4&"&documentType=NOTAFISCAL&numero="&C56,"Abrir rastreio"),"")
A57: =B57&"|"&C57 | B57: LogExpress | C57: 156 | D57: 11898 | E57: Refrigel Express (11898) | F57: =SUMIFS(tblBase[QTD],tblBase[Transportadora],B57,tblBase[NF],C57,tblBase[Grupo_Status],"Em andamento") | G57: =SUMIFS(tblBase[Valor_Total],tblBase[Transportadora],B57,tblBase[NF],C57,tblBase[Grupo_Status],"Em andamento") | H57: Em trânsito | O57: =IF(B57="Braspress",HYPERLINK("https://www.braspress.com.br/site/w/tracking/search?cnpj="&Parametros!$P$4&"&documentType=NOTAFISCAL&numero="&C57,"Abrir rastreio"),"")
A58: =B58&"|"&C58 | B58: CargoMax | C58: 119 | D58: 10504 | E58: Zero Grau Ltda (10504) | F58: =SUMIFS(tblBase[QTD],tblBase[Transportadora],B58,tblBase[NF],C58,tblBase[Grupo_Status],"Em andamento") | G58: =SUMIFS(tblBase[Valor_Total],tblBase[Transportadora],B58,tblBase[NF],C58,tblBase[Grupo_Status],"Em andamento") | O58: =IF(B58="Braspress",HYPERLINK("https://www.braspress.com.br/site/w/tracking/search?cnpj="&Parametros!$P$4&"&documentType=NOTAFISCAL&numero="&C58,"Abrir rastreio"),"")
A59: =B59&"|"&C59 | B59: RotaSul | C59: 153 | D59: 12422 | E59: Assistência Técnica Refrigeração (12422) | F59: =SUMIFS(tblBase[QTD],tblBase[Transportadora],B59,tblBase[NF],C59,tblBase[Grupo_Status],"Em andamento") | G59: =SUMIFS(tblBase[Valor_Total],tblBase[Transportadora],B59,tblBase[NF],C59,tblBase[Grupo_Status],"Em andamento") | H59: Saiu para entrega | O59: =IF(B59="Braspress",HYPERLINK("https://www.braspress.com.br/site/w/tracking/search?cnpj="&Parametros!$P$4&"&documentType=NOTAFISCAL&numero="&C59,"Abrir rastreio"),"")
A60: =B60&"|"&C60 | B60: CargoMax | C60: 162 | D60: 11352 | E60: Frio Express (11352) | F60: =SUMIFS(tblBase[QTD],tblBase[Transportadora],B60,tblBase[NF],C60,tblBase[Grupo_Status],"Em andamento") | G60: =SUMIFS(tblBase[Valor_Total],tblBase[Transportadora],B60,tblBase[NF],C60,tblBase[Grupo_Status],"Em andamento") | H60: Saiu para entrega | O60: =IF(B60="Braspress",HYPERLINK("https://www.braspress.com.br/site/w/tracking/search?cnpj="&Parametros!$P$4&"&documentType=NOTAFISCAL&numero="&C60,"Abrir rastreio"),"")
A61: =B61&"|"&C61 | B61: ViaCargo | C61: 142 | D61: 11710 | E61: Brisa & Cia (11710) | F61: =SUMIFS(tblBase[QTD],tblBase[Transportadora],B61,tblBase[NF],C61,tblBase[Grupo_Status],"Em andamento") | G61: =SUMIFS(tblBase[Valor_Total],tblBase[Transportadora],B61,tblBase[NF],C61,tblBase[Grupo_Status],"Em andamento") | H61: Saiu para entrega | O61: =IF(B61="Braspress",HYPERLINK("https://www.braspress.com.br/site/w/tracking/search?cnpj="&Parametros!$P$4&"&documentType=NOTAFISCAL&numero="&C61,"Abrir rastreio"),"")
A62: =B62&"|"&C62 | B62: RotaSul | C62: 127 | D62: 12811 | E62: Norte Frio Técnica (12811) | F62: =SUMIFS(tblBase[QTD],tblBase[Transportadora],B62,tblBase[NF],C62,tblBase[Grupo_Status],"Em andamento") | G62: =SUMIFS(tblBase[Valor_Total],tblBase[Transportadora],B62,tblBase[NF],C62,tblBase[Grupo_Status],"Em andamento") | H62: Saiu para entrega | O62: =IF(B62="Braspress",HYPERLINK("https://www.braspress.com.br/site/w/tracking/search?cnpj="&Parametros!$P$4&"&documentType=NOTAFISCAL&numero="&C62,"Abrir rastreio"),"")
A63: =B63&"|"&C63 | B63: ViaCargo | C63: 125 | D63: 12052 | E63: Brisa Refrigeração (12052) | F63: =SUMIFS(tblBase[QTD],tblBase[Transportadora],B63,tblBase[NF],C63,tblBase[Grupo_Status],"Em andamento") | G63: =SUMIFS(tblBase[Valor_Total],tblBase[Transportadora],B63,tblBase[NF],C63,tblBase[Grupo_Status],"Em andamento") | H63: Aguardando coleta | O63: =IF(B63="Braspress",HYPERLINK("https://www.braspress.com.br/site/w/tracking/search?cnpj="&Parametros!$P$4&"&documentType=NOTAFISCAL&numero="&C63,"Abrir rastreio"),"")
A64: =B64&"|"&C64 | B64: ViaCargo | C64: 154 | D64: 10111 | E64: Refrigel Manutenção (10111) | F64: =SUMIFS(tblBase[QTD],tblBase[Transportadora],B64,tblBase[NF],C64,tblBase[Grupo_Status],"Em andamento") | G64: =SUMIFS(tblBase[Valor_Total],tblBase[Transportadora],B64,tblBase[NF],C64,tblBase[Grupo_Status],"Em andamento") | H64: Em trânsito | O64: =IF(B64="Braspress",HYPERLINK("https://www.braspress.com.br/site/w/tracking/search?cnpj="&Parametros!$P$4&"&documentType=NOTAFISCAL&numero="&C64,"Abrir rastreio"),"")
A65: =B65&"|"&C65 | B65: TransNorte | C65: 109 | D65: 10753 | E65: Refrigel & Cia (10753) | F65: =SUMIFS(tblBase[QTD],tblBase[Transportadora],B65,tblBase[NF],C65,tblBase[Grupo_Status],"Em andamento") | G65: =SUMIFS(tblBase[Valor_Total],tblBase[Transportadora],B65,tblBase[NF],C65,tblBase[Grupo_Status],"Em andamento") | H65: Em trânsito | O65: =IF(B65="Braspress",HYPERLINK("https://www.braspress.com.br/site/w/tracking/search?cnpj="&Parametros!$P$4&"&documentType=NOTAFISCAL&numero="&C65,"Abrir rastreio"),"")
A66: =B66&"|"&C66 | B66: ViaCargo | C66: 135 | D66: 10615 | E66: Brisa Técnica (10615) | F66: =SUMIFS(tblBase[QTD],tblBase[Transportadora],B66,tblBase[NF],C66,tblBase[Grupo_Status],"Em andamento") | G66: =SUMIFS(tblBase[Valor_Total],tblBase[Transportadora],B66,tblBase[NF],C66,tblBase[Grupo_Status],"Em andamento") | H66: Aguardando coleta | O66: =IF(B66="Braspress",HYPERLINK("https://www.braspress.com.br/site/w/tracking/search?cnpj="&Parametros!$P$4&"&documentType=NOTAFISCAL&numero="&C66,"Abrir rastreio"),"")
A67: =B67&"|"&C67 | B67: EntregaJá | C67: 160 | D67: 11494 | E67: Clima Técnica (11494) | F67: =SUMIFS(tblBase[QTD],tblBase[Transportadora],B67,tblBase[NF],C67,tblBase[Grupo_Status],"Em andamento") | G67: =SUMIFS(tblBase[Valor_Total],tblBase[Transportadora],B67,tblBase[NF],C67,tblBase[Grupo_Status],"Em andamento") | H67: Em trânsito | O67: =IF(B67="Braspress",HYPERLINK("https://www.braspress.com.br/site/w/tracking/search?cnpj="&Parametros!$P$4&"&documentType=NOTAFISCAL&numero="&C67,"Abrir rastreio"),"")
A68: =B68&"|"&C68 | B68: TransNorte | C68: 116 | D68: 12280 | E68: Termotec & Cia (12280) | F68: =SUMIFS(tblBase[QTD],tblBase[Transportadora],B68,tblBase[NF],C68,tblBase[Grupo_Status],"Em andamento") | G68: =SUMIFS(tblBase[Valor_Total],tblBase[Transportadora],B68,tblBase[NF],C68,tblBase[Grupo_Status],"Em andamento") | O68: =IF(B68="Braspress",HYPERLINK("https://www.braspress.com.br/site/w/tracking/search?cnpj="&Parametros!$P$4&"&documentType=NOTAFISCAL&numero="&C68,"Abrir rastreio"),"")
A69: =B69&"|"&C69 | B69: LogExpress | C69: 126 | D69: 11099 | E69: Refrigel Serviços (11099) | F69: =SUMIFS(tblBase[QTD],tblBase[Transportadora],B69,tblBase[NF],C69,tblBase[Grupo_Status],"Em andamento") | G69: =SUMIFS(tblBase[Valor_Total],tblBase[Transportadora],B69,tblBase[NF],C69,tblBase[Grupo_Status],"Em andamento") | H69: Em trânsito | O69: =IF(B69="Braspress",HYPERLINK("https://www.braspress.com.br/site/w/tracking/search?cnpj="&Parametros!$P$4&"&documentType=NOTAFISCAL&numero="&C69,"Abrir rastreio"),"")
A70: =B70&"|"&C70 | B70: TransNorte | C70: 127 | D70: 11986 | E70: Polar Serviços (11986) | F70: =SUMIFS(tblBase[QTD],tblBase[Transportadora],B70,tblBase[NF],C70,tblBase[Grupo_Status],"Em andamento") | G70: =SUMIFS(tblBase[Valor_Total],tblBase[Transportadora],B70,tblBase[NF],C70,tblBase[Grupo_Status],"Em andamento") | H70: Aguardando coleta | O70: =IF(B70="Braspress",HYPERLINK("https://www.braspress.com.br/site/w/tracking/search?cnpj="&Parametros!$P$4&"&documentType=NOTAFISCAL&numero="&C70,"Abrir rastreio"),"")
A71: =B71&"|"&C71 | B71: RotaSul | C71: 122 | D71: 11487 | E71: Assistência Técnica Manutenção (11487) | F71: =SUMIFS(tblBase[QTD],tblBase[Transportadora],B71,tblBase[NF],C71,tblBase[Grupo_Status],"Em andamento") | G71: =SUMIFS(tblBase[Valor_Total],tblBase[Transportadora],B71,tblBase[NF],C71,tblBase[Grupo_Status],"Em andamento") | O71: =IF(B71="Braspress",HYPERLINK("https://www.braspress.com.br/site/w/tracking/search?cnpj="&Parametros!$P$4&"&documentType=NOTAFISCAL&numero="&C71,"Abrir rastreio"),"")
A72: =B72&"|"&C72 | B72: ViaCargo | C72: 121 | D72: 11741 | E72: Clima Refrigeração (11741) | F72: =SUMIFS(tblBase[QTD],tblBase[Transportadora],B72,tblBase[NF],C72,tblBase[Grupo_Status],"Em andamento") | G72: =SUMIFS(tblBase[Valor_Total],tblBase[Transportadora],B72,tblBase[NF],C72,tblBase[Grupo_Status],"Em andamento") | H72: Saiu para entrega | O72: =IF(B72="Braspress",HYPERLINK("https://www.braspress.com.br/site/w/tracking/search?cnpj="&Parametros!$P$4&"&documentType=NOTAFISCAL&numero="&C72,"Abrir rastreio"),"")
A73: =B73&"|"&C73 | B73: EntregaJá | C73: 138 | D73: 12689 | E73: Norte Frio Manutenção (12689) | F73: =SUMIFS(tblBase[QTD],tblBase[Transportadora],B73,tblBase[NF],C73,tblBase[Grupo_Status],"Em andamento") | G73: =SUMIFS(tblBase[Valor_Total],tblBase[Transportadora],B73,tblBase[NF],C73,tblBase[Grupo_Status],"Em andamento") | H73: Em trânsito | O73: =IF(B73="Braspress",HYPERLINK("https://www.braspress.com.br/site/w/tracking/search?cnpj="&Parametros!$P$4&"&documentType=NOTAFISCAL&numero="&C73,"Abrir rastreio"),"")
A74: =B74&"|"&C74 | B74: TransNorte | C74: 128 | D74: 10021 | E74: Termotec Técnica (10021) | F74: =SUMIFS(tblBase[QTD],tblBase[Transportadora],B74,tblBase[NF],C74,tblBase[Grupo_Status],"Em andamento") | G74: =SUMIFS(tblBase[Valor_Total],tblBase[Transportadora],B74,tblBase[NF],C74,tblBase[Grupo_Status],"Em andamento") | H74: Aguardando coleta | O74: =IF(B74="Braspress",HYPERLINK("https://www.braspress.com.br/site/w/tracking/search?cnpj="&Parametros!$P$4&"&documentType=NOTAFISCAL&numero="&C74,"Abrir rastreio"),"")
A75: =B75&"|"&C75 | B75: EntregaJá | C75: 150 | D75: 12724 | E75: Cool Service & Cia (12724) | F75: =SUMIFS(tblBase[QTD],tblBase[Transportadora],B75,tblBase[NF],C75,tblBase[Grupo_Status],"Em andamento") | G75: =SUMIFS(tblBase[Valor_Total],tblBase[Transportadora],B75,tblBase[NF],C75,tblBase[Grupo_Status],"Em andamento") | H75: Saiu para entrega | O75: =IF(B75="Braspress",HYPERLINK("https://www.braspress.com.br/site/w/tracking/search?cnpj="&Parametros!$P$4&"&documentType=NOTAFISCAL&numero="&C75,"Abrir rastreio"),"")
A76: =B76&"|"&C76 | B76: RotaSul | C76: 177 | D76: 11352 | E76: Frio Express (11352) | F76: =SUMIFS(tblBase[QTD],tblBase[Transportadora],B76,tblBase[NF],C76,tblBase[Grupo_Status],"Em andamento") | G76: =SUMIFS(tblBase[Valor_Total],tblBase[Transportadora],B76,tblBase[NF],C76,tblBase[Grupo_Status],"Em andamento") | H76: Em trânsito | O76: =IF(B76="Braspress",HYPERLINK("https://www.braspress.com.br/site/w/tracking/search?cnpj="&Parametros!$P$4&"&documentType=NOTAFISCAL&numero="&C76,"Abrir rastreio"),"")
A77: =B77&"|"&C77 | B77: RotaSul | C77: 169 | D77: 10913 | E77: Ice Tech & Cia (10913) | F77: =SUMIFS(tblBase[QTD],tblBase[Transportadora],B77,tblBase[NF],C77,tblBase[Grupo_Status],"Em andamento") | G77: =SUMIFS(tblBase[Valor_Total],tblBase[Transportadora],B77,tblBase[NF],C77,tblBase[Grupo_Status],"Em andamento") | H77: Em trânsito | O77: =IF(B77="Braspress",HYPERLINK("https://www.braspress.com.br/site/w/tracking/search?cnpj="&Parametros!$P$4&"&documentType=NOTAFISCAL&numero="&C77,"Abrir rastreio"),"")
A78: =B78&"|"&C78 | B78: TransNorte | C78: 165 | D78: 11726 | E78: Norte Frio Refrigeração (11726) | F78: =SUMIFS(tblBase[QTD],tblBase[Transportadora],B78,tblBase[NF],C78,tblBase[Grupo_Status],"Em andamento") | G78: =SUMIFS(tblBase[Valor_Total],tblBase[Transportadora],B78,tblBase[NF],C78,tblBase[Grupo_Status],"Em andamento") | H78: Aguardando coleta | O78: =IF(B78="Braspress",HYPERLINK("https://www.braspress.com.br/site/w/tracking/search?cnpj="&Parametros!$P$4&"&documentType=NOTAFISCAL&numero="&C78,"Abrir rastreio"),"")
A79: =B79&"|"&C79 | B79: ViaCargo | C79: 160 | D79: 12007 | E79: Refrigel Ltda (12007) | F79: =SUMIFS(tblBase[QTD],tblBase[Transportadora],B79,tblBase[NF],C79,tblBase[Grupo_Status],"Em andamento") | G79: =SUMIFS(tblBase[Valor_Total],tblBase[Transportadora],B79,tblBase[NF],C79,tblBase[Grupo_Status],"Em andamento") | H79: Saiu para entrega | O79: =IF(B79="Braspress",HYPERLINK("https://www.braspress.com.br/site/w/tracking/search?cnpj="&Parametros!$P$4&"&documentType=NOTAFISCAL&numero="&C79,"Abrir rastreio"),"")
A80: =B80&"|"&C80 | B80: TransNorte | C80: 163 | D80: 10302 | E80: Ice Tech Express (10302) | F80: =SUMIFS(tblBase[QTD],tblBase[Transportadora],B80,tblBase[NF],C80,tblBase[Grupo_Status],"Em andamento") | G80: =SUMIFS(tblBase[Valor_Total],tblBase[Transportadora],B80,tblBase[NF],C80,tblBase[Grupo_Status],"Em andamento") | H80: Em trânsito | O80: =IF(B80="Braspress",HYPERLINK("https://www.braspress.com.br/site/w/tracking/search?cnpj="&Parametros!$P$4&"&documentType=NOTAFISCAL&numero="&C80,"Abrir rastreio"),"")
A81: =B81&"|"&C81 | B81: RotaSul | C81: 141 | D81: 10676 | E81: Clima Serviços (10676) | F81: =SUMIFS(tblBase[QTD],tblBase[Transportadora],B81,tblBase[NF],C81,tblBase[Grupo_Status],"Em andamento") | G81: =SUMIFS(tblBase[Valor_Total],tblBase[Transportadora],B81,tblBase[NF],C81,tblBase[Grupo_Status],"Em andamento") | O81: =IF(B81="Braspress",HYPERLINK("https://www.braspress.com.br/site/w/tracking/search?cnpj="&Parametros!$P$4&"&documentType=NOTAFISCAL&numero="&C81,"Abrir rastreio"),"")
A82: =B82&"|"&C82 | B82: EntregaJá | C82: 121 | D82: 12052 | E82: Brisa Refrigeração (12052) | F82: =SUMIFS(tblBase[QTD],tblBase[Transportadora],B82,tblBase[NF],C82,tblBase[Grupo_Status],"Em andamento") | G82: =SUMIFS(tblBase[Valor_Total],tblBase[Transportadora],B82,tblBase[NF],C82,tblBase[Grupo_Status],"Em andamento") | H82: Aguardando coleta | O82: =IF(B82="Braspress",HYPERLINK("https://www.braspress.com.br/site/w/tracking/search?cnpj="&Parametros!$P$4&"&documentType=NOTAFISCAL&numero="&C82,"Abrir rastreio"),"")
A83: =B83&"|"&C83 | B83: TransNorte | C83: 158 | D83: 12052 | E83: Brisa Refrigeração (12052) | F83: =SUMIFS(tblBase[QTD],tblBase[Transportadora],B83,tblBase[NF],C83,tblBase[Grupo_Status],"Em andamento") | G83: =SUMIFS(tblBase[Valor_Total],tblBase[Transportadora],B83,tblBase[NF],C83,tblBase[Grupo_Status],"Em andamento") | H83: Saiu para entrega | O83: =IF(B83="Braspress",HYPERLINK("https://www.braspress.com.br/site/w/tracking/search?cnpj="&Parametros!$P$4&"&documentType=NOTAFISCAL&numero="&C83,"Abrir rastreio"),"")
A84: =B84&"|"&C84 | B84: TransNorte | C84: 153 | D84: 11162 | E84: Ártico Refrigeração (11162) | F84: =SUMIFS(tblBase[QTD],tblBase[Transportadora],B84,tblBase[NF],C84,tblBase[Grupo_Status],"Em andamento") | G84: =SUMIFS(tblBase[Valor_Total],tblBase[Transportadora],B84,tblBase[NF],C84,tblBase[Grupo_Status],"Em andamento") | H84: Em trânsito | O84: =IF(B84="Braspress",HYPERLINK("https://www.braspress.com.br/site/w/tracking/search?cnpj="&Parametros!$P$4&"&documentType=NOTAFISCAL&numero="&C84,"Abrir rastreio"),"")
A85: =B85&"|"&C85 | B85: LogExpress | C85: 167 | D85: 11726 | E85: Norte Frio Refrigeração (11726) | F85: =SUMIFS(tblBase[QTD],tblBase[Transportadora],B85,tblBase[NF],C85,tblBase[Grupo_Status],"Em andamento") | G85: =SUMIFS(tblBase[Valor_Total],tblBase[Transportadora],B85,tblBase[NF],C85,tblBase[Grupo_Status],"Em andamento") | O85: =IF(B85="Braspress",HYPERLINK("https://www.braspress.com.br/site/w/tracking/search?cnpj="&Parametros!$P$4&"&documentType=NOTAFISCAL&numero="&C85,"Abrir rastreio"),"")
A86: =B86&"|"&C86 | B86: EntregaJá | C86: 118 | D86: 12470 | E86: Cool Service Técnica (12470) | F86: =SUMIFS(tblBase[QTD],tblBase[Transportadora],B86,tblBase[NF],C86,tblBase[Grupo_Status],"Em andamento") | G86: =SUMIFS(tblBase[Valor_Total],tblBase[Transportadora],B86,tblBase[NF],C86,tblBase[Grupo_Status],"Em andamento") | H86: Saiu para entrega | O86: =IF(B86="Braspress",HYPERLINK("https://www.braspress.com.br/site/w/tracking/search?cnpj="&Parametros!$P$4&"&documentType=NOTAFISCAL&numero="&C86,"Abrir rastreio"),"")
A87: =B87&"|"&C87 | B87: EntregaJá | C87: 102 | D87: 11710 | E87: Brisa & Cia (11710) | F87: =SUMIFS(tblBase[QTD],tblBase[Transportadora],B87,tblBase[NF],C87,tblBase[Grupo_Status],"Em andamento") | G87: =SUMIFS(tblBase[Valor_Total],tblBase[Transportadora],B87,tblBase[NF],C87,tblBase[Grupo_Status],"Em andamento") | O87: =IF(B87="Braspress",HYPERLINK("https://www.braspress.com.br/site/w/tracking/search?cnpj="&Parametros!$P$4&"&documentType=NOTAFISCAL&numero="&C87,"Abrir rastreio"),"")
A88: =B88&"|"&C88 | B88: LogExpress | C88: 105 | D88: 10753 | E88: Refrigel & Cia (10753) | F88: =SUMIFS(tblBase[QTD],tblBase[Transportadora],B88,tblBase[NF],C88,tblBase[Grupo_Status],"Em andamento") | G88: =SUMIFS(tblBase[Valor_Total],tblBase[Transportadora],B88,tblBase[NF],C88,tblBase[Grupo_Status],"Em andamento") | H88: Aguardando coleta | O88: =IF(B88="Braspress",HYPERLINK("https://www.braspress.com.br/site/w/tracking/search?cnpj="&Parametros!$P$4&"&documentType=NOTAFISCAL&numero="&C88,"Abrir rastreio"),"")
A89: =B89&"|"&C89 | B89: LogExpress | C89: 165 | D89: 11059 | E89: Frio Ltda (11059) | F89: =SUMIFS(tblBase[QTD],tblBase[Transportadora],B89,tblBase[NF],C89,tblBase[Grupo_Status],"Em andamento") | G89: =SUMIFS(tblBase[Valor_Total],tblBase[Transportadora],B89,tblBase[NF],C89,tblBase[Grupo_Status],"Em andamento") | H89: Em trânsito | O89: =IF(B89="Braspress",HYPERLINK("https://www.braspress.com.br/site/w/tracking/search?cnpj="&Parametros!$P$4&"&documentType=NOTAFISCAL&numero="&C89,"Abrir rastreio"),"")
A90: =B90&"|"&C90 | B90: ViaCargo | C90: 102 | D90: 12194 | E90: Polar & Cia (12194) | F90: =SUMIFS(tblBase[QTD],tblBase[Transportadora],B90,tblBase[NF],C90,tblBase[Grupo_Status],"Em andamento") | G90: =SUMIFS(tblBase[Valor_Total],tblBase[Transportadora],B90,tblBase[NF],C90,tblBase[Grupo_Status],"Em andamento") | H90: Em trânsito | O90: =IF(B90="Braspress",HYPERLINK("https://www.braspress.com.br/site/w/tracking/search?cnpj="&Parametros!$P$4&"&documentType=NOTAFISCAL&numero="&C90,"Abrir rastreio"),"")
A91: =B91&"|"&C91 | B91: TransNorte | C91: 150 | D91: 10676 | E91: Clima Serviços (10676) | F91: =SUMIFS(tblBase[QTD],tblBase[Transportadora],B91,tblBase[NF],C91,tblBase[Grupo_Status],"Em andamento") | G91: =SUMIFS(tblBase[Valor_Total],tblBase[Transportadora],B91,tblBase[NF],C91,tblBase[Grupo_Status],"Em andamento") | H91: Saiu para entrega | O91: =IF(B91="Braspress",HYPERLINK("https://www.braspress.com.br/site/w/tracking/search?cnpj="&Parametros!$P$4&"&documentType=NOTAFISCAL&numero="&C91,"Abrir rastreio"),"")
A92: =B92&"|"&C92 | B92: CargoMax | C92: 164 | D92: 12336 | E92: Termotec ME (12336) | F92: =SUMIFS(tblBase[QTD],tblBase[Transportadora],B92,tblBase[NF],C92,tblBase[Grupo_Status],"Em andamento") | G92: =SUMIFS(tblBase[Valor_Total],tblBase[Transportadora],B92,tblBase[NF],C92,tblBase[Grupo_Status],"Em andamento") | H92: Aguardando coleta | O92: =IF(B92="Braspress",HYPERLINK("https://www.braspress.com.br/site/w/tracking/search?cnpj="&Parametros!$P$4&"&documentType=NOTAFISCAL&numero="&C92,"Abrir rastreio"),"")
A93: =B93&"|"&C93 | B93: EntregaJá | C93: 156 | D93: 11396 | E93: Frio Manutenção (11396) | F93: =SUMIFS(tblBase[QTD],tblBase[Transportadora],B93,tblBase[NF],C93,tblBase[Grupo_Status],"Em andamento") | G93: =SUMIFS(tblBase[Valor_Total],tblBase[Transportadora],B93,tblBase[NF],C93,tblBase[Grupo_Status],"Em andamento") | H93: Em trânsito | O93: =IF(B93="Braspress",HYPERLINK("https://www.braspress.com.br/site/w/tracking/search?cnpj="&Parametros!$P$4&"&documentType=NOTAFISCAL&numero="&C93,"Abrir rastreio"),"")
A94: =B94&"|"&C94 | B94: RotaSul | C94: 146 | D94: 10504 | E94: Zero Grau Ltda (10504) | F94: =SUMIFS(tblBase[QTD],tblBase[Transportadora],B94,tblBase[NF],C94,tblBase[Grupo_Status],"Em andamento") | G94: =SUMIFS(tblBase[Valor_Total],tblBase[Transportadora],B94,tblBase[NF],C94,tblBase[Grupo_Status],"Em andamento") | O94: =IF(B94="Braspress",HYPERLINK("https://www.braspress.com.br/site/w/tracking/search?cnpj="&Parametros!$P$4&"&documentType=NOTAFISCAL&numero="&C94,"Abrir rastreio"),"")
A95: =B95&"|"&C95 | B95: TransNorte | C95: 124 | D95: 12901 | E95: Frio Serviços (12901) | F95: =SUMIFS(tblBase[QTD],tblBase[Transportadora],B95,tblBase[NF],C95,tblBase[Grupo_Status],"Em andamento") | G95: =SUMIFS(tblBase[Valor_Total],tblBase[Transportadora],B95,tblBase[NF],C95,tblBase[Grupo_Status],"Em andamento") | H95: Aguardando coleta | O95: =IF(B95="Braspress",HYPERLINK("https://www.braspress.com.br/site/w/tracking/search?cnpj="&Parametros!$P$4&"&documentType=NOTAFISCAL&numero="&C95,"Abrir rastreio"),"")
A96: =B96&"|"&C96 | B96: RotaSul | C96: 156 | D96: 10172 | E96: Frigo Serviços (10172) | F96: =SUMIFS(tblBase[QTD],tblBase[Transportadora],B96,tblBase[NF],C96,tblBase[Grupo_Status],"Em andamento") | G96: =SUMIFS(tblBase[Valor_Total],tblBase[Transportadora],B96,tblBase[NF],C96,tblBase[Grupo_Status],"Em andamento") | H96: Aguardando coleta | O96: =IF(B96="Braspress",HYPERLINK("https://www.braspress.com.br/site/w/tracking/search?cnpj="&Parametros!$P$4&"&documentType=NOTAFISCAL&numero="&C96,"Abrir rastreio"),"")
A97: =B97&"|"&C97 | B97: CargoMax | C97: 112 | D97: 11365 | E97: Ártico Express (11365) | F97: =SUMIFS(tblBase[QTD],tblBase[Transportadora],B97,tblBase[NF],C97,tblBase[Grupo_Status],"Em andamento") | G97: =SUMIFS(tblBase[Valor_Total],tblBase[Transportadora],B97,tblBase[NF],C97,tblBase[Grupo_Status],"Em andamento") | O97: =IF(B97="Braspress",HYPERLINK("https://www.braspress.com.br/site/w/tracking/search?cnpj="&Parametros!$P$4&"&documentType=NOTAFISCAL&numero="&C97,"Abrir rastreio"),"")
A98: =B98&"|"&C98 | B98: EntregaJá | C98: 161 | D98: 12138 | E98: Refrigeração Serviços (12138) | F98: =SUMIFS(tblBase[QTD],tblBase[Transportadora],B98,tblBase[NF],C98,tblBase[Grupo_Status],"Em andamento") | G98: =SUMIFS(tblBase[Valor_Total],tblBase[Transportadora],B98,tblBase[NF],C98,tblBase[Grupo_Status],"Em andamento") | H98: Saiu para entrega | O98: =IF(B98="Braspress",HYPERLINK("https://www.braspress.com.br/site/w/tracking/search?cnpj="&Parametros!$P$4&"&documentType=NOTAFISCAL&numero="&C98,"Abrir rastreio"),"")
A99: =B99&"|"&C99 | B99: ViaCargo | C99: 153 | D99: 10317 | E99: Termotec Manutenção (10317) | F99: =SUMIFS(tblBase[QTD],tblBase[Transportadora],B99,tblBase[NF],C99,tblBase[Grupo_Status],"Em andamento") | G99: =SUMIFS(tblBase[Valor_Total],tblBase[Transportadora],B99,tblBase[NF],C99,tblBase[Grupo_Status],"Em andamento") | H99: Em trânsito | O99: =IF(B99="Braspress",HYPERLINK("https://www.braspress.com.br/site/w/tracking/search?cnpj="&Parametros!$P$4&"&documentType=NOTAFISCAL&numero="&C99,"Abrir rastreio"),"")
A100: =B100&"|"&C100 | B100: ViaCargo | C100: 143 | D100: 12724 | E100: Cool Service & Cia (12724) | F100: =SUMIFS(tblBase[QTD],tblBase[Transportadora],B100,tblBase[NF],C100,tblBase[Grupo_Status],"Em andamento") | G100: =SUMIFS(tblBase[Valor_Total],tblBase[Transportadora],B100,tblBase[NF],C100,tblBase[Grupo_Status],"Em andamento") | H100: Em trânsito | O100: =IF(B100="Braspress",HYPERLINK("https://www.braspress.com.br/site/w/tracking/search?cnpj="&Parametros!$P$4&"&documentType=NOTAFISCAL&numero="&C100,"Abrir rastreio"),"")
...

Sheet Qualidade_Dados
A1: Diagnóstico de qualidade dos dados (correções aplicadas na base original do projeto)
A3: Categoria | B3: Coluna | C3: Ocorrências | D3: Detalhe | E3: Ação aplicada
A4: Padronização | B4: Status | C4: 5025 | D4: Mesmo status escrito de formas diferentes (ex.: 'Ok. Devolvida' / 'ok. Devolvida' / 'OK. Devolvida') | E4: Textos unificados em 9 status oficiais
A5: Padronização | B5: Transportadora | C5: 410 | D5: Nome com caixa diferente ('Begur'/'begur') | E5: Nomes de transportadora unificados
A6: Padronização | B6: Coordenador | C6: 949 | D6: 'NORTE'/'Norte', 'SUDESTE MG' com espaço duplo | E6: Regionais unificadas
A7: Padronização | B7: Tipo | C7: 2 | D7: 'Coolers'/'coolers' | E7: Tipos unificados
A8: Padronização | B8: MEI | C8: 0 | D8: 'Não' com espaço no fim, 'Sim'/'sim' | E8: Padronizado como Sim/Não
A9: Erro de fórmula | B9: Diversas | C9: 7 | D9: Células com erro (#N/D, #VALOR!) vindas de PROCV | E9: Convertidas em célula vazia
A10: Texto no lugar de vazio | B10: NF / Data_Validacao / MEI | C10: 6197 | D10: Textos 'NULL' e 'Não Encontrado' em campos numéricos e de data | E10: Convertidos em célula vazia
A11: Tipo de dado | B11: Data_Validacao | C11: 21187 | D11: Datas gravadas como texto misturadas com datas reais | E11: Todas convertidas em data real
A12: Tipo de dado | B12: Dta_Encerramento / Data_Validacao | C12: 95705 | D12: Datas armazenadas como número de série | E12: Convertidas em data real dd/mm/aaaa
A13: Nomenclatura | B13: Chmado / mei | C13: 2 | D13: Nomes de coluna com erro de digitação e caixa inconsistente | E13: Renomeadas para 'Chamado' e 'MEI'
A14: Integridade | B14: Email_STA | C14: 21345 | D14: Registros cujo código de STA não tinha e-mail cadastrado | E14: Coluna Email_STA por INDEX/MATCH; vazios visíveis para cadastro
A15: Integridade | B15: STAs!Email | C15: 85 | D15: STAs sem e-mail ou com formato inválido | E15: Coluna 'E-mail válido?' criada para conferência
A16: Duplicidade | B16: Chamado + Peça + NF + Status + Período | C16: 0 | D16: Linhas com a mesma combinação | E16: Sinalizadas (não removidas)
A19: Checagem ao vivo da Base_RPTG (recalcula sozinha)
A20: Linhas na base | B20: =ROWS(tblBase[Chamado])
A21: Status em branco | B21: =COUNTBLANK(tblBase[Status])
A22: Status fora da lista oficial | B22: =SUMPRODUCT((tblBase[Status]<>"")*(COUNTIF(Parametros!$M$4:$M$12,tblBase[Status])=0))
A23: Linhas sem código de STA | B23: =COUNTBLANK(tblBase[Codigo_STA])
A24: Linhas sem e-mail de STA | B24: =COUNTIF(tblBase[Email_STA],"")
A25: Linhas sem valor de débito | B25: =COUNTBLANK(tblBase[Valor_Debito_Unit])
A26: Linhas sem data de encerramento | B26: =COUNTBLANK(tblBase[Dta_Encerramento])
A27: Itens em aberto com mais de 90 dias | B27: =COUNTIF(tblBase[Faixa_Aging],"Mais de 90 dias")
A28: STAs cadastradas sem e-mail válido | B28: =COUNTIF(tblSTAs[E-mail válido?],"Não")

Sheet SendBulkEmails
A1: EmailAddress | B1: Subject | C1: Body | D1: Cód STA | E1: Nome do STA | F1: Itens em aberto | G1: Valor em aberto | H1: Dias em aberto (máx.) | I1: Último envio | K1: Meses em aberto | L1: Status | M1: Valor Total (R$) | N1: Região | O1: Consultores em Cópia (CC)
